"","peptide","Immunogenicity"
"1","AADGVGAVSRDLEK",1
"2","AADTGNSSQ",1
"3","AADTGNSSQV",1
"4","AAELELAENREILKE",0
"5","AAENLWVTVYY",1
"6","AAEWDRLHP",1
"7","AAEWDRLHPV",1
"8","AAEWDRLHPVH",1
"9","AAFDLSFFL",1
"10","AAIDLSHFL",0.666666666666667
"11","AALDISHFL",0.75
"12","AALDISHLL",0
"13","AALDLSHFL",0.5625
"14","AALDMSHFL",1
"15","AANLWVTAY",0
"16","AANLWVTVY",0
"17","AATNADCAW",1
"18","AAVDIRHFL",0
"19","AAVDISHFL",0.5
"20","AAVDLSHF",1
"21","AAVDLSHFL",0.833333333333333
"22","AAVDLSHFLK",1
"23","AAVDLSHFLKEK",1
"24","AAVDMSHFL",0.25
"25","AAVKAACWW",1
"26","AAVKNWMTQTL",1
"27","ACQGVGGPAHK",0.375
"28","ACQGVGGPGHK",0.5
"29","ACQGVGGPSHK",0.523809523809524
"30","ACQGVGGPSHKARVL",1
"31","ACVPTDPNP",1
"32","ADNLWVTVY",1
"33","ADWDRVHPV",0
"34","AEAMSQANS",1
"35","AEAMSQVTNPATIM",1
"36","AEAMSQVTNS",1
"37","AEDSWVTVY",0
"38","AEKLWVTVY",0
"39","AENLVWTVYY",1
"40","AENLWVTVY",1
"41","AENLWVTVYY",1
"42","AENREILKE",1
"43","AENSWVTVY",0
"44","AEQASADVKNW",1
"45","AEQASQDVKNW",0.5
"46","AEQASQEVKNW",1
"47","AEQASQEVKNWM",1
"48","AEQASQEVKNWMT",1
"49","AEQATQDVKNW",1
"50","AESFRFEET",1
"51","AETFYVDGA",1
"52","AETFYVDGAAN",1
"53","AETGQETAY",1
"54","AETGQETAYY",1
"55","AEWDRLHP",1
"56","AEWDRLHPV",1
"57","AEWDRVHP",1
"58","AEWDRVHPV",1
"59","AEWGRLHPV",0
"60","AFDLSFFLK",0.625
"61","AFDLSHFLR",0
"62","AFEHKAREM",0
"63","AFHHMAREL",0.833333333333333
"64","AFHHVAREK",1
"65","AFHHVAREL",1
"66","AFRHVAREL",0.5
"67","AFSPEVIPMFSALS",1
"68","AFSPEVIPMFT",1
"69","AGAERQGTL",1
"70","AGNLWVTVY",0
"71","AGTTSTLQEQIGWMT",0
"72","AIEAQQHLLQLTVWG",1
"73","AIFLSSMTK",0
"74","AIFQASMTK",0.75
"75","AIFQCSMTK",1
"76","AIFQSSMLK",0
"77","AIFQSSMTK",0.333333333333333
"78","AIFQSSMTR",0.388888888888889
"79","AIIRILQQL",0.666666666666667
"80","AILQSSMTK",0
"81","AIREAILGR",0
"82","AIRKAILGR",1
"83","AIRKAIVGR",0
"84","AIRKALLGR",0
"85","AISPRTLNAW",1
"86","AISPRTLNAWV",1
"87","AISPRTNLAW",1
"88","AITQACPKV",1
"89","AKAYETEKHNVW",1
"90","AKNLWVTVY",0
"91","AKTIIVHL",1
"92","AKTIIVQLTEPVE",1
"93","ALAALIRPK",0
"94","ALAALITPK",1
"95","ALAALVTPK",0
"96","ALAAVITPK",0
"97","ALAEAMSQA",0
"98","ALDISHFLK",0.166666666666667
"99","ALDLSHFL",1
"100","ALDLSHFLK",0.673611111111111
"101","ALDLSHFLR",0.333333333333333
"102","ALDMSHFLK",0.166666666666667
"103","ALEILEELKN",1
"104","ALEQVVKKL",0
"105","ALGPGASLEEM",1
"106","ALHHVAREL",1
"107","ALIEICSEM",1
"108","ALIEICTEM",0.5
"109","ALIRILQQL",1
"110","ALIRSLQQL",0
"111","ALKHRAYEL",0.333333333333333
"112","ALMEICTEM",1
"113","ALMGMGHHA",0
"114","ALNAWVKVV",1
"115","ALQDSGLEV",1
"116","ALQDSGSEVN",1
"117","ALSEGATPQDL",1
"118","ALSEGATPQDLNMM",1
"119","ALTSSNTAA",1
"120","ALTSSNTAAG",1
"121","ALTSSNTAH",1
"122","ALVEICTEL",0.75
"123","ALVEICTEM",1
"124","ALVEICTEMEK",1
"125","ALVEMGHHA",1
"126","ALVEMGHHV",0.5
"127","ALVERGYLA",0
"128","ALVICTEMEK",1
"129","ALYNTAAAL",0
"130","ALYNTVATL",1
"131","AMQILKDTI",0.75
"132","AMQMLKDTI",0.75
"133","AMQMLKET",1
"134","AMQMLKETI",0.75
"135","ANPDCKTIL",1
"136","ANPDCKTIS",0
"137","ANQMLKDTI",1
"138","ANQMLKETI",1
"139","ANSPTSREL",1
"140","APPAESFRF",1
"141","APQDHPNNQVSI",1
"142","APQGHPNNQVSI",1
"143","APTKAKRRV",1
"144","APTKAKRRVV",1
"145","APVWKEATTTLFCASDAKAY",0
"146","AQNPEIVIY",1
"147","AQNPEIVIYQY",1
"148","ARDLSHFLK",0
"149","ARELHPEY",1
"150","ARLVITTYW",1
"151","ARRNRRRRW",1
"152","ARRNRRRW",1
"153","ARVLAVERY",1
"154","ARVLAVERYLKDQQL",1
"155","ASDAKAHDPEVYNVWATH",0.5
"156","ASILRGGKLDK",1
"157","ASILRGGKLDKWEKI",0
"158","ASLRSLFGSDPSSQ",1
"159","ASQEVKNWM",1
"160","ASRELERF",1
"161","ASVLSGGEL",1
"162","ASVLSGGELDKWEKI",0
"163","ASVLSGGELDRWEK",1
"164","ASVLSGGKLDAWEKI",0
"165","ASVLSGGKLDKWEKI",0
"166","ATDIQTKEL",1
"167","ATEKLWVTVHYGVPVWKEAT",0
"168","ATEKLWVTVYHGVPVWKEAT",0
"169","ATEKLWVTVYYGAPVWKEAT",0
"170","ATEKLWVTVYYGVPAWKEAT",0
"171","ATEKMWVTVYYGVPVWKEAT",0
"172","ATIMIQKGNFR",1
"173","ATLEEMMTA",1
"174","ATLWCVHQRIDI",1
"175","ATLWCVHQRIEV",1
"176","ATLYCVHQK",1
"177","ATLYCVHQR",1
"178","ATPQDLNMML",1
"179","ATPQDLNTM",1
"180","ATPQDLNTML",1
"181","ATPQDLNTMLNT",1
"182","ATQEVKNWM",1
"183","AVDASHFLK",0.5
"184","AVDLAHFLK",0.5
"185","AVDLGHFLK",0.5
"186","AVDLSAFLK",0
"187","AVDLSFFLK",0
"188","AVDLSHFL",1
"189","AVDLSHFLK",0.375
"190","AVDLSHFLR",0
"191","AVFIHNFKR",1
"192","AVFIHNFKRK",1
"193","AVFVHNFKRK",0
"194","AVKIIKIL",0
"195","AVKIIKIM",0
"196","AVLSVVNRV",1
"197","AVLYCVHQR",1
"198","AVNPGLLET",1
"199","AVPLRPMTYK",1
"200","AVQIIKIL",0
"201","AVQIIKIM",0
"202","AVQMAVFIHNFK",1
"203","AVRERIRRT",1
"204","AVRERMRRT",1
"205","AVRHFPRIW",1
"206","AVRHFPRPW",1
"207","AVRHFRPIW",1
"208","AVRHRPRIW",1
"209","AVRIIKIL",1
"210","AVRIIKIM",1
"211","AVYYGVPVWK",1
"212","AYYDPSKELI",0.25
"213","CAPAGFAIL",1
"214","CAPAGYAIL",1
"215","CCFHCQSC",0
"216","CCFHCQVC",1
"217","CCLHCQVC",0
"218","CCMHCQVC",1
"219","CGKEGHIAK",0
"220","CGKEGHIAR",1
"221","CGKEGHLAR",0
"222","CKNVSTVQC",1
"223","CKTILKALGPGATL",1
"224","CLHCQVCFI",1
"225","CNTSVITQACPKVTF",1
"226","CPKVSFEPI",1
"227","CQGVGGPGHK",1
"228","CRAPRKKGC",1
"229","CRAPRKKGCW",1
"230","CTERQANFL",1
"231","CTLNFPISPI",1
"232","CTNVSTVQC",1
"233","CTPAGYAILKC",1
"234","CTPYDINQM",1
"235","CTPYDINQML",1
"236","CTPYDINQMLNC",1
"237","CTRPNNNTRK",1
"238","CTRPNNNTRKSIRIG",1
"239","CVHQRIEIK",1
"240","CVHQRIEVK",1
"241","CVPTDPNPQEVVLEN",1
"242","DAKLIIKTY",0
"243","DAKLIITTY",1
"244","DAKLVITTY",1
"245","DARLVITTY",1
"246","DAWEKIRLRPG",1
"247","DAYFSVPL",1
"248","DCKSILRAL",1
"249","DCKTILKAL",1
"250","DCKTILRAL",1
"251","DCRTILKAL",0
"252","DCSGRVICTTTVPWNVSWSNKSLNEI",0
"253","DCTERQANFLG",1
"254","DEDLLKAVRLIKRLYQSS",0
"255","DEDLLKIVRLIKRLYQSS",0
"256","DEDLLKTVGIIKRLYQSS",0
"257","DEDLLKTVRIIKRLYQSS",0
"258","DEDLLKTVRVIKRLYQSS",0
"259","DEDLLRTVRLIKRLYQSS",0
"260","DELLKTVRL",0.25
"261","DETLLQAVR",1
"262","DEVGFPVKPQV",0.25
"263","DEVGFPVRPQV",0.25
"264","DIIGDIRQAH",0.5
"265","DIKDTKEAL",1
"266","DILDLWIY",1
"267","DILDLWVH",1
"268","DILDLWVY",1
"269","DIRQGPKEPFR",1
"270","DIWDNMTWM",1
"271","DIYKRWII",0.428571428571429
"272","DLADHLIHL",0
"273","DLADQLIHL",0
"274","DLADQLIHLY",1
"275","DLEIGQHRTK",1
"276","DLEIGQHRTKI",1
"277","DLNMMLNIV",0.5
"278","DLNPQEVAL",0
"279","DLNTMLNTV",1
"280","DLNTMLNTVG",1
"281","DLSFLKEK",1
"282","DLSHFLK",1
"283","DLSHFLKEK",1
"284","DLYVGSDLE",1
"285","DNLWVTVYY",1
"286","DPEKEVLEW",1
"287","DPEKEVLQWK",1
"288","DPEKEVLVW",1
"289","DPIWKGPAKL",1
"290","DPNPQEAAL",0
"291","DPNPQEMVL",1
"292","DPNPQEVAL",1
"293","DPNPQEVVL",1
"294","DQGPQREPY",1
"295","DRFALNPSLLE",1
"296","DRFFKLTRA",1
"297","DRFFKTLRA",0.75
"298","DRFFKTLRAEQATQ",1
"299","DRFWKTLRA",1
"300","DRFYKILRA",0
"301","DRFYKLTRA",1
"302","DRFYKSLRA",1
"303","DRFYKTLRA",1
"304","DRFYKTLRAE",1
"305","DRFYKTLRAEQ",1
"306","DRFYKTRAE",1
"307","DRFYKVLRA",0.166666666666667
"308","DRFYRTLRA",0.333333333333333
"309","DRLHPVHAGPIAPGQMREPR",0.5
"310","DRSGRLVDGFLALIW",0
"311","DRVHPVHAGPI",1
"312","DRVHPVHAGPIAPGQ",1
"313","DRVIEELQR",1
"314","DRVRRTEPA",1
"315","DRYFSVPL",0
"316","DSQYALGI",1
"317","DSRLAFHH",1
"318","DSRLAFHHM",1
"319","DSRLAFHHV",1
"320","DSRLAFQHM",0.25
"321","DTGHSNQVSQNY",1
"322","DTIFEEMNL",1
"323","DTINEEAAEW",1
"324","DTVIEEMNL",1
"325","DTVLEDINL",0.5
"326","DTVLEDMNL",1
"327","DTVLEEMNL",0.5
"328","DTVLEEWNL",0.5
"329","DTWAGVEAIIR",1
"330","DTWAGVIAIIR",1
"331","DVKDTKEAL",0.75
"332","DVKGTKEAL",0
"333","DVKQLTEVV",1
"334","DWHLGHGVSI",1
"335","DYVDRFFKT",1
"336","DYVDRFFKTL",1
"337","DYVDRFYKT",1
"338","DYVDRFYKTL",1
"339","DYVDRFYKTLR",1
"340","EAAEWDRLH",1
"341","EAELELAENREILEE",0
"342","EAELELAGNREILKE",0
"343","EAGFELAENREILKE",0
"344","EAGLELAENREILKE",0
"345","EAHNVWATHA",0.5
"346","EATDRILEL",1
"347","EAVRHFPRI",1
"348","EAVRHFPRL",0.25
"349","EDEGKISKI",1
"350","EDHERYHSNWR",1
"351","EDINLPGRW",0.5
"352","EDLLKTVRL",0
"353","EDLLQTVRL",0
"354","EDMNLPGRW",0.666666666666667
"355","EDPEKEVLEWR",1
"356","EEAAEWDRL",1
"357","EEAAEWDRV",1
"358","EEDLWVTVY",0
"359","EEEEVGFPVR",1
"360","EEGVGFPVRPQ",1
"361","EEHEKYHSNW",1
"362","EEINLPGKW",1
"363","EEINLPGRW",0.75
"364","EEKAFSPEV",1
"365","EEKAFSPEVIP",1
"366","EELIKTVRL",0.25
"367","EELLKTVRL",1
"368","EELREHLLKW",1
"369","EELRQHLLR",1
"370","EELRQHLLRW",1
"371","EELRQHLWRW",0.5
"372","EELRSLYNT",1
"373","EELRSLYNTV",1
"374","EELRSLYNTVATLYCV",1
"375","EEMDLPGRW",0.5
"376","EEMMTACQG",1
"377","EEMMTACQGVG",1
"378","EEMNLPGRW",0.333333333333333
"379","EEMNLTGKW",1
"380","EEVGFPVKPQV",1
"381","EEVGFPVRPQV",1
"382","EGATPQDLNMM",1
"383","EGATPQDLNMML",1
"384","EGATPQDLNTM",1
"385","EGTDRIVIEI",1
"386","EHEKYHNNW",1
"387","EHEKYHSNW",1
"388","EHLKTAVQM",1
"389","EIHNVWATHA",0.5
"390","EIIGDIRQAH",0
"391","EIIGDIRQAY",1
"392","EIINEEAAEW",1
"393","EIKDTKEAL",0.5
"394","EILDLWVYH",1
"395","EILKEPVGHV",1
"396","EILKEPVHGV",1
"397","EIVASCDKCQL",1
"398","EIWDNMTWL",1
"399","EIYERWII",0
"400","EIYKRWII",0.5
"401","EIYKRWIIL",1
"402","EIYKRWIILG",1
"403","EIYKRWIILGL",1
"404","EIYKRWIILGLN",1
"405","EIYKRWIILGLNK",1
"406","EIYKRWIV",0
"407","EIYRKWII",1
"408","EIYRRWII",0
"409","EKAFSPEV",1
"410","EKAFSPEVIPM",1
"411","EKAFSPEVIPMF",1
"412","EKDGKISKI",0
"413","EKEGKISKI",1
"414","EKGGLEGLIHSQRR",1
"415","EKHNVWATHA",0
"416","EKIRLRPGGKKHYMLKHL",1
"417","EKIRLRPGGKKKYQL",0.5
"418","EKIRLRPGGKKYKL",1
"419","EKLWVTVYY",1
"420","EKYLQDQAR",1
"421","ELDRWEKIRL",1
"422","ELHPDKWTV",1
"423","ELHPDRWTV",1
"424","ELKKIIEQVR",0
"425","ELKKIIGQVR",1
"426","ELKKIPGQVRDAEH",1
"427","ELKSLFNTI",1
"428","ELKSLYNTV",1
"429","ELRQHLLKW",0
"430","ELRQHLLRW",1
"431","ELRSLFNTVATLYCV",1
"432","ELRSLYNTV",1
"433","ELRSLYNTVA",1
"434","ELRSLYNTVATLYCV",1
"435","ELTPLCVTL",0
"436","ELVNQIIEQL",1
"437","ELYPLASLR",1
"438","EMHNVWATHA",0
"439","EMMTACQGV",1
"440","ENLWVTVYY",1
"441","EPFRDYVDRF",1
"442","EPFRDYVDRFF",1
"443","EPFRDYVDRFY",1
"444","EPIAGAETFY",1
"445","EPIDKELYPL",1
"446","EPIDKELYPLA",1
"447","EPIDPNLEPW",1
"448","EPIVGAETF",1
"449","EPIVGAETFY",1
"450","EPKDREPL",1
"451","EPTAPPAESF",1
"452","EPTAPPAESFRF",1
"453","EPTAPPEESF",1
"454","EPVDPNLEPW",1
"455","EPVDPRLEPW",1
"456","EQASQEVKNWMT",1
"457","ERDRDRSGRLVDGFL",1
"458","EREVLVWKF",1
"459","ERFALNPSLLETAEG",0
"460","ERFAVNPGL",1
"461","ERFAVNPGLL",1
"462","ERHLRDQQL",0
"463","ERILSTYLE",1
"464","ERILSTYLGR",1
"465","ERQANFLGKIW",1
"466","ERSLRDQQL",1
"467","ERWIILGLNK",0
"468","ERYLGDQQL",0
"469","ERYLKDQQF",0
"470","ERYLKDQQL",0.666666666666667
"471","ERYLKDQQLLG",1
"472","ERYLQDQQL",0.5
"473","ERYLRDQQL",1
"474","ERYLSDQQL",0
"475","ESIVIWGKTPK",1
"476","ETAYFILKL",1
"477","ETAYYILKLA",1
"478","ETFYVDGA",1
"479","ETFYVDGAANR",1
"480","ETGQETAY",1
"481","ETGQETAYFLL",1
"482","ETGQETAYY",1
"483","ETINDEAAEW",0.75
"484","ETINEEAAAEW",1
"485","ETINEEAAEW",0.875
"486","ETKLGKAGY",1
"487","ETLLVQNAN",1
"488","ETYGDTWAGV",1
"489","ETYGDTWTGV",1
"490","EVADQLIHL",0
"491","EVAQRAYR",0.5
"492","EVFRPGGGDM",1
"493","EVGFPVRPQVPL",1
"494","EVGFPVRPQVPLRPMTFK",1
"495","EVHIPLGEAR",1
"496","EVHNIWATHA",1
"497","EVHNVWATHA",1
"498","EVIPMFAAL",0
"499","EVIPMFSAL",0.5
"500","EVIPMFTAL",1
"501","EVKDTKEAL",1
"502","EVKDTKGAL",0
"503","EVKNWMTETL",1
"504","EVKNWMTETLL",1
"505","EVNIVTDSQY",1
"506","EVVQRAYR",1
"507","EVYKRWII",1
"508","EWDRLHPVHAG",1
"509","EWDRVHPV",1
"510","EWDRVHPVHAG",1
"511","EWRFDSRL",1
"512","EYRKILRQR",1
"513","FAVNPGLLE",1
"514","FCASDAKSY",1
"515","FFPDWKNYT",1
"516","FHCQVCFITK",1
"517","FHCQVCFMTK",1
"518","FIMIVGGLV",1
"519","FKAAVDLSHFLNEKG",0
"520","FKGAFDLSFFLKEKGGL",1
"521","FKNLKTGKY",1
"522","FKRKGGIGGY",1
"523","FKTLRAEQA",1
"524","FLGKIWPS",1
"525","FLGKIWPSHK",1
"526","FLGKIWPSYK",1
"527","FLGKIWSS",0
"528","FLGRIWPS",0
"529","FLKDKGGL",0.166666666666667
"530","FLKEEGGL",0.0416666666666667
"531","FLKEKGGL",1
"532","FLKEKGGLEGL",1
"533","FLKEMGGL",0.466666666666667
"534","FLKEQGGL",0.263888888888889
"535","FLKERGGL",0.25
"536","FLQSRPEPTA",1
"537","FLRDKGGL",0
"538","FLREKGGL",0.15
"539","FLRKEGGL",0
"540","FLTKGLGISY",0
"541","FMKKGLGISY",1
"542","FMLKGLGISY",0
"543","FMTKGLGISY",1
"544","FNCGGEFF",1
"545","FNCGGEFFY",1
"546","FNLPPIVAKEI",1
"547","FPARPQVPL",1
"548","FPDWQNYT",1
"549","FPDWQNYTP",1
"550","FPIRPQVPL",0
"551","FPISPIDTV",0
"552","FPISPIETV",1
"553","FPISPIETVP",1
"554","FPLTFGWCF",1
"555","FPQGKAREF",1
"556","FPRIWLHGL",0.5
"557","FPRIWLHSL",0.666666666666667
"558","FPRMWLHSL",0
"559","FPRPWLHGI",0
"560","FPRPWLHGL",1
"561","FPRPWLHSL",1
"562","FPRTWLHGL",1
"563","FPRVWLHGL",0
"564","FPRWLHGL",1
"565","FPVKPQEPLI",0.166666666666667
"566","FPVKPQVPL",0.416666666666667
"567","FPVKPQVPLR",0.583333333333333
"568","FPVKPQVPV",0.166666666666667
"569","FPVKPQVPVR",0.166666666666667
"570","FPVKPQVSL",0.166666666666667
"571","FPVKPRVPL",0.166666666666667
"572","FPVRPQVPL",0.75
"573","FPVRPQVPLR",0.333333333333333
"574","FPVTPQVPL",1
"575","FPVTPQVPLR",1
"576","FPVTPQVPLRMTY",1
"577","FPWTWLHGL",0.5
"578","FQKKGLGISY",0.5
"579","FQLPPIERL",0
"580","FQRKGLGISY",0
"581","FQTKGLGISY",1
"582","FQTKGLGIYY",0
"583","FQTKGLSISY",0
"584","FRDYVDQFYKTLRAEQASQE",0
"585","FRDYVDRFF",1
"586","FRDYVDRFFK",1
"587","FRDYVDRFFKAL",1
"588","FRDYVDRFY",1
"589","FRDYVDRFYK",1
"590","FRDYVDRFYKTLRA",1
"591","FRDYVDRFYKVLRAE",0
"592","FRKQNPDIV",1
"593","FRNQRKTVK",1
"594","FSALSEGAT",1
"595","FSFPQITLW",1
"596","FSPEIIPMF",1
"597","FSPEVIPMF",1
"598","FSPQVIPMF",1
"599","FSVPLDEDF",1
"600","FSVPLDEGF",1
"601","FSVRPQVPL",1
"602","FTTPDKKHQK",1
"603","FVNTPLLV",0
"604","FVNTPPLV",1
"605","FVNTPPLVK",1
"606","FVNTPPLVKL",1
"607","FYCNSTQLF",1
"608","FYCNTTQLF",1
"609","FYKTLRAEQ",1
"610","FYVDGAANR",1
"611","FYVDGAASR",1
"612","GAETFYVDGA",1
"613","GAFDLSFFL",0.5
"614","GAFDLSFFLK",1
"615","GAFDLSHFL",0.583333333333333
"616","GALDLSFFL",1
"617","GALDLSHFL",0.65
"618","GALDMSHFL",0.5
"619","GARDLSHFL",0
"620","GASLEEMMTACQGVGGPSH",1
"621","GATLEEMMT",1
"622","GATPQDLNM",1
"623","GATPQDLNMMLNIV",1
"624","GATPQDLNTMLNTV",1
"625","GATVRAACW",1
"626","GAVDLSHFL",0.75
"627","GCSGRVICTTTVPWNSSWSNKSLNEI",0
"628","GCWKCGKEGHQMK",1
"629","GDIYKRWI",0.5
"630","GDIYKRWII",0.55
"631","GDIYKRWIIL",0.5
"632","GDIYKRWIV",0.5
"633","GDIYRKWIV",0
"634","GDIYRRWII",0
"635","GDIYWKRWI",1
"636","GEFFYCDTS",1
"637","GEIAKRWII",0.5
"638","GEIYARWII",0
"639","GEIYKAWII",0.5
"640","GEIYKRWI",0.5
"641","GEIYKRWII",0.666666666666667
"642","GEIYKRWIIL",0.5
"643","GEIYKRWIV",0.875
"644","GEIYRRWII",1
"645","GELDRWEKI",0.5
"646","GELDRWKKI",0.25
"647","GERIIDII",1
"648","GERIVDII",1
"649","GERIVDIIA",1
"650","GEVGFPVRPQV",0.75
"651","GGHQAAMQMLK",1
"652","GGKKKYKF",0
"653","GGKKKYKL",1
"654","GGKKKYKLK",1
"655","GGKKKYKLKHIV",1
"656","GGKKKYKMK",1
"657","GGKKKYQL",0
"658","GGKKKYQLK",1
"659","GGKKKYRL",0.5
"660","GGKKKYRM",0
"661","GGKKQYKL",0
"662","GGKKQYRL",0
"663","GGPGHKARV",1
"664","GGRKKYKL",0
"665","GGRKKYKLK",0.5
"666","GGSKKYKL",0
"667","GHKAIGTVL",0.5
"668","GHKVIGTVL",0.166666666666667
"669","GHQAAMEMLKD",1
"670","GHQAAMQML",1
"671","GHQAAMQMLKD",1
"672","GHQAAMQMLKDTINEEAA",1
"673","GHQAAMQMLKE",1
"674","GIPHPAGLK",1
"675","GIPHPAGLKK",1
"676","GIPYNPQSQ",1
"677","GIRYPLTFGWCFK",1
"678","GKEGHIAKN",1
"679","GKIWPSHKGRPG",1
"680","GKIWPSHKGRPGNF",1
"681","GKKAIGTVL",0.583333333333333
"682","GKKKYKLKHLVWASR",0
"683","GKKPYMLKHL",1
"684","GKKPYRLKHL",0.25
"685","GKKSYMLKHL",0.25
"686","GKKVSQNYPIV",1
"687","GKLDAWEKIRLR",1
"688","GKLDSWEKIRLR",1
"689","GLADQLIHL",1
"690","GLADQLIHM",0.75
"691","GLADRLIHL",0
"692","GLEGLIYSKKRQEILDLW",1
"693","GLEVNIVTD",1
"694","GLGQHIYET",0
"695","GLLESSEGC",1
"696","GLNKIVRMY",1
"697","GLNKVRMY",1
"698","GMGSPQILV",1
"699","GNFLQSRPTAPPF",1
"700","GNSSQVSQNY",1
"701","GPAATLEEM",1
"702","GPCKNVSTVQ",1
"703","GPCTNVSTV",1
"704","GPGATLEEM",1
"705","GPGHKARVL",0.75
"706","GPGHKARVLA",1
"707","GPGIRYPLTFGWCF",1
"708","GPGRAFVTI",1
"709","GPGTRFPLTR",1
"710","GPGVRYPLTF",1
"711","GPGVRYPLTFGWCY",1
"712","GPIAPGQM",1
"713","GPKEPFRDY",1
"714","GPKEPFRDYVDRFFKTLR",1
"715","GPKESKKKVE",1
"716","GPKRIVKCF",1
"717","GPKVKQWPL",1
"718","GPKVKQWPLT",1
"719","GPRRIVKCF",0
"720","GPRVKQWPL",1
"721","GPSHKARVL",1
"722","GPSHKARVLA",1
"723","GQETAYFLL",1
"724","GQGQWTYQI",1
"725","GQLDRWEKI",1
"726","GQMREPRGSDI",1
"727","GQMREPRGSDIA",1
"728","GQMVHQAI",1
"729","GQMVHQAIS",1
"730","GQMVHQAISP",1
"731","GQMVHQAISPR",1
"732","GQMVHQAISPRTL",1
"733","GQMVHQAISPRTLN",1
"734","GQVDCSPGI",1
"735","GRAFVTIGK",1
"736","GRFPLTFGW",1
"737","GRNLLTQIG",1
"738","GRRGWEALK",1
"739","GRRGWEALKY",1
"740","GRRGWEVLKY",1
"741","GSEEIKSLY",0
"742","GSEELKSLY",1
"743","GSEELRSLY",1
"744","GSKRIVKCF",0
"745","GSPAIFQSS",1
"746","GSTNGAASMTL",1
"747","GTCKSVSTVQCTH",1
"748","GTEELKSLY",1
"749","GTEELRSLF",0
"750","GTEELRSLY",1
"751","GTIKGGEMK",1
"752","GTRQARKNR",1
"753","GTTSTLQEQ",1
"754","GTTSTLQEQIGWMTS",0
"755","GTTSTLQGQIAWMTS",0
"756","GVETFYVDGA",1
"757","GVGAASQDL",1
"758","GVGAASRDL",1
"759","GVGAVSRDL",1
"760","GVGGPGHK",0.5
"761","GVGGPGHKAR",1
"762","GVGGPSHK",1
"763","GVGSPEILV",0
"764","GVGSPQILL",0
"765","GVGSPQILV",0
"766","GVGSPQISG",0
"767","GVGSPQISV",0
"768","GVGSPQVLV",0
"769","GVPVWKEATTT",1
"770","GWPAVRER",1
"771","GYFPDWQNY",1
"772","GYIEAEVI",1
"773","HAPWDVNDL",1
"774","HAPWDVNDM",1
"775","HEDIISLWDQSLK",1
"776","HFLKEKGGL",1
"777","HFPRIWLHGLG",1
"778","HFPRPWLHN",1
"779","HIGPGRAFY",1
"780","HIGPGRAFYTTKNI",1
"781","HIGSPRCEY",1
"782","HIVSPRCEY",1
"783","HKARVLAEAMSQ(A)TN",1
"784","HKARVLAEAMSQANG",0
"785","HLADQLIHQ",0
"786","HLEGKVILV",1
"787","HLEVQGYW",1
"788","HLKTAVQMAV",1
"789","HLVWASREL",1
"790","HMYISKKAK",1
"791","HPAHAGPVA",0.5
"792","HPDIVIYQY",0.5
"793","HPKISSEVHI",0.541666666666667
"794","HPKVSSEVHI",1
"795","HPKVSSEVHIA",1
"796","HPMSQHGIE",1
"797","HPRISSEVHI",1
"798","HPRVSSEVHI",0.388888888888889
"799","HPVAAGPVA",0.5
"800","HPVHAAPVA",0.5
"801","HPVHAGPI",1
"802","HPVHAGPIA",0.75
"803","HPVHAGPV",1
"804","HPVHAGPVA",1
"805","HPVHVGPVA",0.5
"806","HPVQAGPVA",0.5
"807","HPVSLHGMDDPE",1
"808","HQAAMQMLK",1
"809","HQAAMQMLKETINE",1
"810","HQAISPRTL",0.5
"811","HQKEPPFLW",1
"812","HQMKDCNERQAN",1
"813","HQPISPRTL",1
"814","HQRIEIKDTK",1
"815","HQSLSPRTL",1
"816","HRGWEILKY",1
"817","HRLRDLLLI",1
"818","HSFNCGGEF",1
"819","HSKRRQDIL",1
"820","HSQKRQDIL",1
"821","HSQRRQDIL",1
"822","HSQRRQDILDLWIY",1
"823","HTDNGRNF",0
"824","HTDNGSNF",1
"825","HTDNGSNFTS",1
"826","HTGERDWHL",1
"827","HTQGFFPDW",1
"828","HTQGYFPDW",1
"829","HTQGYFPDWQ",1
"830","HVASGYIEA",1
"831","HVPHAGPIA",1
"832","HVPLRPMTYK",0.75
"833","HYCAPAGFAIL",1
"834","HYMLKHIVW",1
"835","HYMLKHLVW",1
"836","HYMLKHLVWAS",1
"837","HYMLNHIVW",1
"838","IAGTTSTLQ",1
"839","IAKNCRAPRKK",1
"840","IALESIVIW",1
"841","IAMESIVIW",0.388888888888889
"842","IAPRTLNAR",0
"843","IAPRTLNAW",0
"844","IARNCRAPR",1
"845","IATESIVIW",0.583333333333333
"846","IATLWCVHQR",1
"847","IAVLYCVHQR",1
"848","ICTTAVPWNASWSNK",0
"849","IDIKDTKEAL",1
"850","IDTVPVKL",0.5
"851","IEAEVIPAET",1
"852","IEDPEKEVL",1
"853","IEEKAFSPEV",1
"854","IEEKAFSPEVI",1
"855","IEELRAHLLSW",1
"856","IEELREHLL",0.5
"857","IEELRQHLL",1
"858","IEICGHKAIG",1
"859","IEIKDTKEAL",1
"860","IEIVQRACRAILHIPRRI",0
"861","IELPEKDSW",0.5
"862","IETVPVKL",1
"863","IETVPVKLK",1
"864","IETVPVRL",0.5
"865","IEVKDTKEAL",1
"866","IEVVQRACRAILHIPRKI",0
"867","IEVVQRACRAIRHIPRRI",0
"868","IFPFRAFYA",1
"869","IFQASMTKI",1
"870","IFQSSMTKI",1
"871","IGLRIVFAVLSIVNR",1
"872","IGPGRAFHT",1
"873","IGPGRAFY",1
"874","IGPGRAFYAR",1
"875","IGPGRAFYAT",1
"876","IGPGRAFYTT",1
"877","IGPGRARYAR",1
"878","IGPTPVNII",1
"879","IGRAILHIPR",1
"880","IGRNLLTQI",1
"881","IGWPAVRER",1
"882","IHSISERIL",1
"883","IHSQRRQDI",1
"884","IHTDNGSNF",1
"885","IIATDIQTK",1
"886","IIEQLIKKE",1
"887","IIKDYGKQM",1
"888","IIKDYGQM",1
"889","IIKDYGQV",0
"890","IIKEYGQM",0
"891","IILGLNKI",1
"892","IILGLNKIV",1
"893","IILGLNKIVR",1
"894","IINEEAADQDL",1
"895","IINEEAADWDL",1
"896","IIQYMDDLYV",0.25
"897","IIRDYGQM",0
"898","IIRILQQLLFI",1
"899","IISLWDQSL",1
"900","IKKEKVYLA",1
"901","IKLEPVHGVY",1
"902","IKVRQYDQ",1
"903","ILAEAMASA",1
"904","ILAEAMSKA",1
"905","ILAEAMSQA",1
"906","ILAEAMSQV",1
"907","ILDIRQGPK",1
"908","ILDLWIYHT",1
"909","ILDLWVYHT",1
"910","ILEQVVKKL",0
"911","ILGEPPTVL",1
"912","ILGLNKIV",1
"913","ILGLNKIVR",1
"914","ILGLNKIVRMY",1
"915","ILIEICGHK",1
"916","ILKAPVHGAY",0.166666666666667
"917","ILKDPVHGV",0.416666666666667
"918","ILKELVHGV",0
"919","ILKEPVHEV",1
"920","ILKEPVHGA",0
"921","ILKEPVHGAY",0.0833333333333333
"922","ILKEPVHGI",1
"923","ILKEPVHGV",1
"924","ILKEPVHGVY",1
"925","ILKEPVHGVYY",1
"926","ILKEPVHRV",1
"927","ILKESVHGAY",0.166666666666667
"928","ILKKPVHGAY",0.166666666666667
"929","ILKLAGRWPVK",1
"930","ILMEMGHDA",0
"931","ILPRTLNAW",0
"932","ILREPIHGV",1
"933","ILREPVHGAY",0.166666666666667
"934","ILREPVHGVY",0.0833333333333333
"935","ILREPVHGVYY",0
"936","ILRIPVHGV",1
"937","ILRSCNTSV",1
"938","ILVEMGHDA",0
"939","ILVESPAVI",0
"940","ILVESPAVL",1
"941","ILVGPTPVNI",0
"942","IMIQKGNFR",1
"943","IMLGLNKI",0
"944","IMLPEKDSW",0.5
"945","IPAETGQETA",1
"946","IPAETGQETAY",1
"947","IPGRIRQGL",0
"948","IPHPAGLKK",1
"949","IPIHYCAPA",1
"950","IPLDEDFRKY",0.333333333333333
"951","IPLGDAKLII",1
"952","IPLGDARLVI",1
"953","IPLGDARLVV",1
"954","IPLGEAKLV",1
"955","IPLTAEAEL",0.5
"956","IPLTEAAEL",0.5
"957","IPLTEEAEL",1
"958","IPLTEEAGF",0.5
"959","IPLTEEAGL",0
"960","IPLTGEAEL",0.5
"961","IPLTQEAEL",0.5
"962","IPLTVEAEL",0.5
"963","IPMFSALSEG",1
"964","IPPVVAKEI",1
"965","IPRRIRQDL",0
"966","IPRRIRQGA",1
"967","IPRRIRQGF",0.714285714285714
"968","IPRRIRQGL",0.5
"969","IPRRIRQGLA",1
"970","IPRRKRQGL",0
"971","IPRRLRQGL",0.5
"972","IPRRRIRQGL",1
"973","IPSTNNETPG",1
"974","IPTRIRQGL",1
"975","IPYNPQSQGV",1
"976","IPYNPQSQGVV",1
"977","IPYNPQSQGW",1
"978","IQLPEKDSW",1
"979","IQNFRVYYR",1
"980","IQQEFGIPY",1
"981","IQQEFGIPYNPQ",1
"982","IRDKVQKEY",1
"983","IRLRPGGKK",1
"984","IRLRPGGKKK",1
"985","IRLRPGGRK",1
"986","IRYPKTFGW",1
"987","IRYPLTFGWC",1
"988","IRYQYNVL",1
"989","ISARTLNAW",0.5
"990","ISERILSTF",0
"991","ISERILSTY",1
"992","ISERILSTYL",1
"993","ISGKAKGWF",1
"994","ISKKAKGWF",1
"995","ISLWDQSLK",1
"996","ISPRTLNAW",1
"997","ISPRTLNAWV",1
"998","ISPRTLNAWVKV",1
"999","ISPRTNLAW",1
"1000","ISTERILSTY",1
"1001","ITKALGISY",1
"1002","ITKGLGISY",1
"1003","ITKGLGISYGR",1
"1004","ITKGSGISYGR",0
"1005","ITLWQRPFV",0
"1006","ITLWQRPIV",0.333333333333333
"1007","ITLWQRPLV",0.5
"1008","ITTESIVIW",1
"1009","ITVGPGQVFY",1
"1010","ITVKIGKEVR",0
"1011","ITVYYGVPVWR",1
"1012","IVGAETFYVDGAAN",1
"1013","IVGAETFYVDGAAS",1
"1014","IVGLNKIVRMY",1
"1015","IVLPEKDSW",1
"1016","IVLPEKESW",1
"1017","IVNRNRQGY",1
"1018","IVNRVRQGY",1
"1019","IVNRVRQGYSP",1
"1020","IVPEKDSW",1
"1021","IVQYMDDLYV",0.25
"1022","IVRRIRQGL",1
"1023","IVTDSQYAL",1
"1024","IVTRIVELL",1
"1025","IVVLYCVHQR",0
"1026","IVWASRELER",1
"1027","IWKFDSRLALK",1
"1028","IYETYGDTW",1
"1029","IYHHLRDLL",0
"1030","IYIGPGRAF",1
"1031","IYKRWIIL",1
"1032","IYKRWIILG",1
"1033","IYKRWIILGL",1
"1034","IYKRWIILGLNK",1
"1035","IYQEPFKNL",1
"1036","IYQEPFKNLK",1
"1037","IYQYMDDLYI",1
"1038","IYQYMDDLYV",1
"1039","IYQYVDDLYV",1
"1040","IYSQKRQDI",1
"1041","IYSYMDDLYV",1
"1042","IYWKRWIIL",1
"1043","KAACWWAGI",1
"1044","KAAFDLGFF",0.5
"1045","KAAFDLSFF",1
"1046","KAAFDLSFFL",1
"1047","KAAHDLSHF",0
"1048","KAALDISHF",0
"1049","KAALDLSHF",1
"1050","KAALDLSHFL",1
"1051","KAALDLSHLL",0
"1052","KAAVDLSFF",1
"1053","KAAVDLSHF",1
"1054","KAAVDLSHFL",0.666666666666667
"1055","KAAVDLSHFLK",1
"1056","KAAVDLSMFL",1
"1057","KAFSPEIIPMF",0.6
"1058","KAFSPEVI",1
"1059","KAFSPEVIP",1
"1060","KAFSPEVIPMF",1
"1061","KAFSPEVIPMS",0
"1062","KAFSPEVIPVF",1
"1063","KAFSPGVIPMF",0
"1064","KAFSQEVIPMF",0.375
"1065","KAHDPEVHNVW",1
"1066","KAHDPEVYNVW",0.5
"1067","KAIEAQQHL",1
"1068","KAIEAQQHM",1
"1069","KAIGTVLV",1
"1070","KALDLSHFL",0
"1071","KALGPAATL",1
"1072","KALSPEVIPMF",1
"1073","KAPRKKGCW",1
"1074","KAPRKKGCWK",1
"1075","KASSPEVIPMF",0
"1076","KAVRIKLFLY",1
"1077","KAVRLIKFLY",1
"1078","KAVRLIKLLY",0
"1079","KAVRRLIKFLY",1
"1080","KAWIIAGLNK",0
"1081","KAWIILGLNK",0
"1082","KAYDTEVHNVW",1
"1083","KAYEKEVHNVW",1
"1084","KAYETEVHNVW",0.5
"1085","KCGKEGHQMK",1
"1086","KDTINEEAA",1
"1087","KDTINEEAAEWDRL",1
"1088","KEGHIARNCKA",1
"1089","KEKGGLDGL",0.666666666666667
"1090","KEKGGLEEL",0
"1091","KEKGGLEGI",0.25
"1092","KEKGGLEGL",1
"1093","KEKGGLEGLVYSQK",1
"1094","KEKGGLERL",0
"1095","KEKRGLERL",0
"1096","KELYPLASL",0.666666666666667
"1097","KELYPLTSL",1
"1098","KEPVHGVYY",1
"1099","KERRRREEPAAVGVGPAS",0
"1100","KETINEEAA",1
"1101","KEVHNVWAT",1
"1102","KGAFDLGFF",1
"1103","KGAFDLSFF",0.5625
"1104","KGALDLSHF",0.75
"1105","KGALDLSHFL",0
"1106","KGFKPEVIPMF",0.166666666666667
"1107","KGFNPEVIPMF",1
"1108","KGFSPEVIPMF",0.375
"1109","KGPKRIIKC",1
"1110","KGPRRIVKC",1
"1111","KGSPAIFQSSM",1
"1112","KGWIILGLNK",0
"1113","KHCQVCFMLK",0
"1114","KHLGSLVQY",0
"1115","KHPGSQPKTA",1
"1116","KIAIRSENISNNA",1
"1117","KIATESIVIW",1
"1118","KIEEEQNKSK",1
"1119","KIEELRQHL",1
"1120","KIEELRQHLL",1
"1121","KIGKAGYVT",0
"1122","KIIGGIGGF",0.375
"1123","KIIGGIGGFI",0.333333333333333
"1124","KIIKDYGKQM",1
"1125","KIIRDYGK",1
"1126","KIKPPLPSV",1
"1127","KIKPPLPSVTK",1
"1128","KIKQIINMW",1
"1129","KIKRTAPTA",0
"1130","KILQQLLFI",1
"1131","KILYQSNPY",1
"1132","KINAWIKVV",1
"1133","KIQNFRVYY",1
"1134","KIQNFRVYYR",1
"1135","KIQNFRYY",1
"1136","KIRLRPGGK",1
"1137","KIRLRPGGKK",1
"1138","KIRLRPGGKKKYKL",1
"1139","KIRLRPGGQ",0
"1140","KIRLRPGGR",0.333333333333333
"1141","KIRWIIGLNK",1
"1142","KITPLCVTL",0.5
"1143","KITTESIVIW",1
"1144","KIWPSHKGRPGN",1
"1145","KIWPSHKGRPGNF",1
"1146","KIWPSYKGR",1
"1147","KKFGAEVVP",1
"1148","KKHYMLKHLVWASRE",1
"1149","KKKGGIGGY",0.166666666666667
"1150","KKKGGLEGL",0
"1151","KKKYRLKHLVWASRE",0
"1152","KKQEILDLWVY",1
"1153","KKQKFYALF",0.25
"1154","KKQKVHALF",0.333333333333333
"1155","KKQQVYALF",0.25
"1156","KKRQEILDLWVYHTQGYF",1
"1157","KKSMTVLDVGDAYFS",0
"1158","KKSVTVLDVGDAYFS",0
"1159","KKWIILGLNK",0.0714285714285714
"1160","KKWIIMGLNK",0.05
"1161","KKWIVLGLNK",0
"1162","KLAFHHMAR",1
"1163","KLAFHHVAR",1
"1164","KLDKWEKIR",1
"1165","KLGKAGYVT",1
"1166","KLGKAGYVV",0.5
"1167","KLIGGIGGF",0.5
"1168","KLNWASQIY",1
"1169","KLPIWKETW",1
"1170","KLTEDRWNK",1
"1171","KLTPFCVTL",0
"1172","KLTPFCVVL",0
"1173","KLTPLCITL",1
"1174","KLTPLCVAL",1
"1175","KLTPLCVIL",1
"1176","KLTPLCVSL",0.666666666666667
"1177","KLTPLCVTL",1
"1178","KLTPLCVTM",0
"1179","KLTPRCVTL",0
"1180","KLTQLCVTL",0
"1181","KLTSCNTSV",1
"1182","KLTSLCVTL",1
"1183","KLVDFRELNK",1
"1184","KLVGKLNWA",1
"1185","KLVSQGIRKV",1
"1186","KLWVTVYYGV",1
"1187","KMAGGIGGF",0.166666666666667
"1188","KMGKAGYVT",0
"1189","KMIGGIGGF",1
"1190","KMIGGIGGFI",0.333333333333333
"1191","KMIGGIGGFV",0.333333333333333
"1192","KMIGGVGGF",0.5
"1193","KMIGGVGGFI",1
"1194","KMIVGIGGF",0
"1195","KMQKEYALL",1
"1196","KMSFEPIPIH",1
"1197","KMTFLCVQM",0
"1198","KMTPLCVTL",1
"1199","KMVGGIGGF",0.5
"1200","KNCGGEFFYCNS",1
"1201","KNCSFNMIS",1
"1202","KNCSFNMTT",1
"1203","KNISFNMTT",1
"1204","KPCVKLIPL",1
"1205","KPCVKLTPL",1
"1206","KPCVKLTPLC",1
"1207","KPPLPSVKKL",1
"1208","KPPLPSVTKL",1
"1209","KPVVSTQLLL",0.5
"1210","KQEFGIPY",1
"1211","KQGQGQWTY",1
"1212","KQIIGQLQPAIQTGS",0
"1213","KQIIKQLQPALQTGT",0
"1214","KQNPDIVIC",1
"1215","KQNPDIVII",0
"1216","KQNPDIVIV",0.166666666666667
"1217","KQNPDIVIY",1
"1218","KQNPDIVIYQY",1
"1219","KQQKVYALF",0.25
"1220","KQQQIHALF",0.25
"1221","KQRKVQALF",0.25
"1222","KQWIILGLNK",0
"1223","KQWIIMGLNK",0
"1224","KRIPPLPSV",0
"1225","KRKGGIGEY",0.166666666666667
"1226","KRKGGIGGY",1
"1227","KRKPPLPSV",0
"1228","KRKPPLPSVTK",1
"1229","KRQDILDLWIY",1
"1230","KRQDILDLWVY",0.5
"1231","KRQDILDWVY",1
"1232","KRQEILDLW",1
"1233","KRQEILDLWVY",0.75
"1234","KRQEILDWVY",1
"1235","KRQQVHALF",0.25
"1236","KRREILDLWVY",1
"1237","KRRGGIGGY",0.166666666666667
"1238","KRRQDILDLWVY",1
"1239","KRWIIAGLNK",0
"1240","KRWIIIGLNK",0
"1241","KRWIIILGLNK",1
"1242","KRWIILGGLNK",1
"1243","KRWIILGLN",1
"1244","KRWIILGLNK",1
"1245","KRWIILGLNKI",1
"1246","KRWIILGLNKIV",1
"1247","KRWIILGLNKIVR",1
"1248","KRWIILGLNKIVRM",1
"1249","KRWIILGLNKIVRMYSPVSI",1
"1250","KRWIILGNK",1
"1251","KRWIIMGLHK",1
"1252","KRWIIMGLNK",0.516666666666667
"1253","KRWIIMGNK",1
"1254","KRWILGLNKIV",1
"1255","KRWILGLNKIVRMY",1
"1256","KRWILLGLNK",1
"1257","KRWIVLGLNK",0
"1258","KRWIVMGLNK",0
"1259","KRWMILGLNK",1
"1260","KRWVILGLNK",0
"1261","KRYMIKHLV",1
"1262","KSALDLSHF",1
"1263","KSLFNTIATLY",0.166666666666667
"1264","KSLFNTIAVLY",0.166666666666667
"1265","KSLFNTVATLY",0.166666666666667
"1266","KSLFNTVAVLY",0.166666666666667
"1267","KSLYNTIATLY",0.25
"1268","KSLYNTIAVLY",0.166666666666667
"1269","KSLYNTVATLY",0.25
"1270","KSLYNTVAVLY",0.166666666666667
"1271","KSLYNTVCV",1
"1272","KTAVQMAVF",1
"1273","KTGRLIKLLY",1
"1274","KTKPPLPSVKK",1
"1275","KTLPLCVTL",1
"1276","KTQQAAADK",1
"1277","KTVKCFNCGR",1
"1278","KTVRLIKFLY",1
"1279","KTVRLIKRLY",1
"1280","KVIEVAQGA",1
"1281","KVIGGIGGFI",0.5
"1282","KVIPMFSAL",0
"1283","KVKDTKEAL",0
"1284","KVRQYDQIL",1
"1285","KVSFEPIPIH",0.75
"1286","KVSQNYALKHRAYEL",0
"1287","KVVDFRELNK",0
"1288","KVVPRRKAK",1
"1289","KVYLAWVPA",1
"1290","KVYLAWVPAHK",1
"1291","KWILGLNKIVRMY",1
"1292","KYCWNLLQY",1
"1293","KYKLKHIVW",1
"1294","KYKLKHLVW",0
"1295","KYKMKHLVW",0
"1296","KYLGSLVQY",1
"1297","KYLWNLLQY",1
"1298","KYMLKHIVW",1
"1299","KYQLKHIVW",0.375
"1300","KYRLKHIVW",0.433333333333333
"1301","KYRLKHLVW",0.666666666666667
"1302","KYTAFTIPSI",1
"1303","KYWWNLLQY",1
"1304","LADQLIHLHY",1
"1305","LADQLIHLYY",1
"1306","LAFHHVARE",1
"1307","LAFHHVAREL",1
"1308","LAIVALVVA",1
"1309","LALQDSGLE",1
"1310","LARNCRAPRK",1
"1311","LASLRSLF",1
"1312","LDKHGAITS",0.5
"1313","LEEMMTACQ",1
"1314","LEEMMTACQGVGGPSHK",1
"1315","LEGKIILVA",1
"1316","LEGKVILVA",1
"1317","LEKHGAITS",1
"1318","LEKHGAVTS",1
"1319","LERFALNPGLLETS",1
"1320","LERFAVNPGLLETSE",0
"1321","LEWRFDITL",1
"1322","LEWRFDSRL",1
"1323","LFCASCAKAY",1
"1324","LFCASDAKAY",1
"1325","LFLDGIDKA",1
"1326","LFNTVATLY",1
"1327","LFNTVATLYCV",1
"1328","LFPDWKNYT",0
"1329","LFRYHRLRDLLLIVTRIV",0
"1330","LGCRIKQII",0
"1331","LGHGVSIEW",1
"1332","LGIWGCSGKLICTT",1
"1333","LGLNKIVRM",1
"1334","LGLNKIVRMY",1
"1335","LGLNKIVRMYS",1
"1336","LGPGRVWYTT",1
"1337","LGVAPTTTKRRWER",1
"1338","LHPAQAGPIA",1
"1339","LHPVHAGPI",1
"1340","LHPVHAGPIA",1
"1341","LHPVHAGPVA",1
"1342","LIGPTPVNI",0.833333333333333
"1343","LKAVRIIKI",1
"1344","LKDTINEEAAEWDRLHPV",1
"1345","LKEPVHGVY",1
"1346","LKHIVWASREL",1
"1347","LKSLFNTVATLYCVH",1
"1348","LLCRIKQII",0
"1349","LLDTGADDTV",1
"1350","LLDTGADDTVL",1
"1351","LLDTIAIAV",1
"1352","LLKEKGGL",1
"1353","LLKLTVWGI",0
"1354","LLLYWGRELK",1
"1355","LLNATAIAV",1
"1356","LLNATDIAV",1
"1357","LLNTTAIVV",1
"1358","LLQAVKIIK",0.25
"1359","LLQAVRIIK",1
"1360","LLQAVRIIR",0.25
"1361","LLQLTVWGI",1
"1362","LLQYWSQEL",1
"1363","LLRAIEAQQHL",1
"1364","LLRWGLTTPDKK",1
"1365","LLVQNANPDCKTILRK",1
"1366","LLWKGEGAV",1
"1367","LLWKGEGAVV",1
"1368","LLWKGEGAW",1
"1369","LNIVGGHQA",1
"1370","LNMMLNIVG",1
"1371","LNSWGCAFRQVCHT",1
"1372","LPCKIKQII",0
"1373","LPCRIKEII",0
"1374","LPCRIKQFI",0
"1375","LPCRIKQFINMWQE",1
"1376","LPCRIKQFV",0
"1377","LPCRIKQII",1
"1378","LPCRIKQIL",0
"1379","LPCRIKQIV",0
"1380","LPCRIKQVI",0
"1381","LPCRIKWII",1
"1382","LPCRIRQFV",0
"1383","LPCRIRQII",0
"1384","LPCRISQII",0
"1385","LPEKDSWTV",1
"1386","LPGRWKPKMI",1
"1387","LPGRWRPKMI",0.333333333333333
"1388","LPLPPLDRL",1
"1389","LPPIVAKEI",0.5
"1390","LPPIVAREI",0
"1391","LPPLDRLTL",1
"1392","LPPLERLTL",1
"1393","LPPVVAKEI",0.5
"1394","LPQGWKGSPA",1
"1395","LPQGWKGSPAI",1
"1396","LQAIYLALQ",1
"1397","LQCKIKQII",0
"1398","LQCKIRQIV",0
"1399","LQCRIKQFI",0
"1400","LQCRIKQII",0
"1401","LQCRIKQIV",0
"1402","LQGQMVHQAI",1
"1403","LQKQISKI",0
"1404","LQKQITKI",1
"1405","LQKQITKL",0
"1406","LQLPPIERL",1
"1407","LQLPPLERL",0.5
"1408","LRAVRIIKF",0.5
"1409","LRAVRIIKI",1
"1410","LRPGGKKKY",1
"1411","LRPGGKKKYKLKHLV",0
"1412","LRPGGKKKYRLKHIV",1
"1413","LRPGGKKKYRLKHLV",1
"1414","LRPGGKKQYKLKHIV",1
"1415","LRPGGKKRYKLKHIV",1
"1416","LRPMTYKAA",1
"1417","LRSLFLFS",1
"1418","LRSLFLFSY",1
"1419","LRWGFCTPDKK",1
"1420","LRWGFYTPDKK",1
"1421","LRWGLYTPD",1
"1422","LSCRIKQII",0
"1423","LSEGATPQD",1
"1424","LSEGATPQDL",1
"1425","LSGGELDRWEK",1
"1426","LSGGKLDAWEK",0
"1427","LSHFLKEKGGLEG",1
"1428","LSPRTLNAW",0.475
"1429","LSPRTLNAWVKV",1
"1430","LTDTTNQKT",1
"1431","LTEEAELEL",1
"1432","LTFGWCFKL",1
"1433","LTFGWCFKLV",1
"1434","LTFGWCYKL",1
"1435","LTFGWCYKLV",1
"1436","LVDGFLALIWDDLRN",0
"1437","LVGKLNWASQIY",1
"1438","LVGPTPANI",0.75
"1439","LVGPTPANV",0
"1440","LVGPTPINI",1
"1441","LVGPTPVNI",0.5
"1442","LVGPTPVNII",1
"1443","LVGPTPVNV",0.5
"1444","LVIKTYWGLQTGERDWHL",1
"1445","LVILAIVALV",1
"1446","LVQDWGLEL",1
"1447","LVQNANPDC",1
"1448","LVQNANPDCKSILRA",1
"1449","LVQNANPDCKTILKA",1
"1450","LVQNSNPDCK",1
"1451","LVSAGIRKVL",1
"1452","LVSQIIEQL",1
"1453","LVWASRELERF",1
"1454","LVWKFDSRL",1
"1455","LWVTVYYGV",1
"1456","LYCVHQKI",1
"1457","LYCVHQRI",1
"1458","LYNTIATLY",1
"1459","LYNTVATL",1
"1460","LYNTVATLY",0.5
"1461","LYPLASLRSL",1
"1462","MARELHPEY",1
"1463","MASDFNLPPV",1
"1464","MAVFIHNFK",1
"1465","MFSALSEGA",1
"1466","MGARASVLSG",1
"1467","MGARASVLSGG",1
"1468","MGARASVLSGGKLDEWEKIR",1
"1469","MGPKRAFYAT",1
"1470","MHEDIISLW",1
"1471","MHEDIISLWDQ",1
"1472","MHEDIISLWDQSLKP",1
"1473","MKHLVWASREL",1
"1474","MKKGLGISYGR",1
"1475","MLEQVVKKL",0
"1476","MLQLTVWGI",0
"1477","MMLNIVGGH",1
"1478","MMQRGNFRN",1
"1479","MMTACQGVG",1
"1480","MNPATIMIQK",1
"1481","MQMLKDTI",1
"1482","MQMLKDTINEEAAE",1
"1483","MQMLKETI",1
"1484","MQMLKETINEEAAE",1
"1485","MQRGNFRNQRKTVK",1
"1486","MREPRGSDI",1
"1487","MSPRTLNAW",0.25
"1488","MTACQGVGG",1
"1489","MTANPPIPV",1
"1490","MTANPPVPV",1
"1491","MTGNPAIPV",0
"1492","MTGNPPIPV",1
"1493","MTGNPPVPV",0.333333333333333
"1494","MTGNPSIPV",0
"1495","MTHNPPIPV",1
"1496","MTHNPPIPVGEIYK",1
"1497","MTKGLGISY",1
"1498","MTKILDPFR",0
"1499","MTKILEPFR",1
"1500","MTNNPPIPV",1
"1501","MTSDPPVPV",1
"1502","MTSNPAIPV",0.333333333333333
"1503","MTSNPPIPV",1
"1504","MTSNPPVPV",1
"1505","MTYKAAFDL",1
"1506","MTYKAALDL",1
"1507","MTYKAAVDL",1
"1508","MTYKGALDL",1
"1509","MVHQAISPR",1
"1510","MVHQSMSPRTLNAW",1
"1511","MYAPPIGGQI",1
"1512","MYSPTSIL",1
"1513","MYSPTSILDI",1
"1514","NAIAVLYCV",0
"1515","NAKTIIVHL",1
"1516","NANPDCKSI",1
"1517","NANPDCKTI",1
"1518","NANPDCKTILRAL",1
"1519","NANPDSKTI",1
"1520","NAWVKIEEK",1
"1521","NAWVKVIEEKA",0.75
"1522","NAWVKVVEEKA",1
"1523","NCGGEFFYCN",1
"1524","NCSFNISTSI",1
"1525","NCYCKHCSY",1
"1526","NCYCKKCCF",1
"1527","NCYCKKCCY",1
"1528","NCYCKQCCF",1
"1529","NCYCKRCCF",1
"1530","NEIWDNMTW",1
"1531","NETPGIRYQ",1
"1532","NETPGIRYQY",1
"1533","NFRGPKRIKCFNCG",1
"1534","NIWATHACV",1
"1535","NIWATRACV",0
"1536","NLAFPQGEAR",1
"1537","NLLTQIGCT",1
"1538","NLMTQIGCT",0
"1539","NLQEQIGWM",1
"1540","NLQEQIGWMT",1
"1541","NLWVTVYYGV",1
"1542","NMWQEVGKAM",1
"1543","NNEIPGIRY",1
"1544","NNEIPGVRY",0.75
"1545","NNETPGIRY",0.833333333333333
"1546","NNETPGVRY",1
"1547","NNEVPGIRY",1
"1548","NNGTPGVRY",0.25
"1549","NPDCKSILR",1
"1550","NPDCKTIL",1
"1551","NPDCKTILKAL",0.5
"1552","NPDCKTILRAL",1
"1553","NPDIIIYQY",0.75
"1554","NPDIVICQYM",1
"1555","NPDIVIIQY",0.166666666666667
"1556","NPDIVIQYQ",1
"1557","NPDIVIVQY",0.166666666666667
"1558","NPDIVIYQY",1
"1559","NPDIVIYQYM",1
"1560","NPDIVIYQYV",0.5
"1561","NPDLVIYQY",1
"1562","NPDVILIQY",1
"1563","NPDWIYQY",1
"1564","NPEIVIIQY",0.75
"1565","NPEIVIVQY",0.75
"1566","NPEIVIYQY",0.5
"1567","NPGLLETSE",1
"1568","NPPIPVGDI",1
"1569","NPPIPVGDIY",1
"1570","NPPIPVGEI",1
"1571","NPPIPVGEIY",0.5625
"1572","NPPIPVGEIYKRWIIMGLNK",1
"1573","NPVPVGNIY",0.5
"1574","NQIIEQLIK",1
"1575","NRWQVMIVW",1
"1576","NSATIMMQR",1
"1577","NSETPGVRY",1
"1578","NSGGEFFYSNS",1
"1579","NSNPDCKTI",0
"1580","NSNPDCKTIL",1
"1581","NSNPDCKTILKALGP",0.333333333333333
"1582","NSPTRREL",1
"1583","NSSGVQNY",1
"1584","NSSKVSQNY",0.5
"1585","NSSQVSQNY",1
"1586","NSSQVSQNYP",1
"1587","NSTETNSTRTIKIHC",0
"1588","NSTRTIKIHCRIKQI",0
"1589","NTLKQIVIKL",1
"1590","NTMLNTVGGHQAAM",1
"1591","NTPPLVKLW",1
"1592","NTPVFAIKK",1
"1593","NTPVFAIKKK",1
"1594","NTPVFAIKR",1
"1595","NTPVFAIRK",0.5
"1596","NTVATIYCV",0
"1597","NTVATLYCV",0.5
"1598","NTVAVLYCV",0
"1599","NVTEDFDMW",0.25
"1600","NVTEEFDMW",0.25
"1601","NVTENFNMW",1
"1602","NVTESFDMW",0
"1603","NVWATHACV",0.75
"1604","NVWATRACV",0
"1605","NWRSELYKY",1
"1606","NYPIVQNL",1
"1607","NYTDIIYRL",1
"1608","NYTPGPGIRY",1
"1609","NYTPGPGVRY",1
"1610","NYTPGPGVRYPLT",1
"1611","NYTQIIYNL",1
"1612","NYTSLIYNL",1
"1613","PADPNPQEM",1
"1614","PCRIKQIIRMW",1
"1615","PDCKTILKA",1
"1616","PEIVTHS",1
"1617","PEPTAPPAESFGFG",1
"1618","PFRDYVDRF",1
"1619","PFRDYVDRFF",1
"1620","PGGKKKYRLKHL",1
"1621","PGGKKRYRLKHL",1
"1622","PGIKVRQLC",1
"1623","PGMDGPKVKQ",1
"1624","PGQMREPRG",1
"1625","PIETVPVKL",1
"1626","PIPVGDIYK",1
"1627","PIQKETWEAW",1
"1628","PIQKETWETW",1
"1629","PIQLPEKDS",1
"1630","PITFGWCFKL",1
"1631","PIVGAETFY",1
"1632","PIVLPEKDSW",1
"1633","PKEPFRDYV",1
"1634","PKTACTNCY",1
"1635","PKVSFEPIPIHYCAP",0
"1636","PLASLRSLF",1
"1637","PLCFGWCFKL",1
"1638","PLCFGWCFKP",1
"1639","PLDEDFRKY",1
"1640","PLDESFRKY",1
"1641","PLNAWVKVV",1
"1642","PLRPMTYK",1
"1643","PLRPMYTK",1
"1644","PLTFGWCFKL",1
"1645","PLTFGWCYK",1
"1646","PLTFGWCYKL",0.5
"1647","PLTFGWCYKLV",1
"1648","PLTLGWCFKL",0
"1649","PLTSLKSLFGS",1
"1650","PLVKLWYQL",1
"1651","PMCFGWCFKL",1
"1652","PMFSALSEG",1
"1653","PMFTALSEGAT",1
"1654","PNCGGEFFY",1
"1655","PNCRGEFFY",0
"1656","PPIPVGDIH",1
"1657","PPIPVGDIY",0.5
"1658","PPIPVGEI",1
"1659","PPIPVGEIY",0.5
"1660","PPIPVGEIYKRWIIL",1
"1661","PPLPSVRKL",1
"1662","PPQGSQTHQV",1
"1663","PPRTLNAWV",0
"1664","PPSGKGGNY",1
"1665","PPVPVGDIY",1
"1666","PPVPVGEIYKRWIIL",1
"1667","PQDLNTMLN",1
"1668","PQDLNTMLNTV",1
"1669","PQVPLRPMTY",1
"1670","PRGSDIAGTTSTLQEQIAW",1
"1671","PRTLNAWVKVVE",1
"1672","PSSGGDLEITTHSF",1
"1673","PTDPNPQEI",1
"1674","PTEPVPFQL",1
"1675","PTPVNIIGRNL",1
"1676","PTRRELQVW",1
"1677","PTSRELQVW",1
"1678","PTVLESGTKE",1
"1679","PVCFGWCFKL",0
"1680","PVDPKLEPW",0
"1681","PVDPRLDPW",0
"1682","PVDPRLEPW",1
"1683","PVDPSLEPW",0
"1684","PVGDIYKRWII",1
"1685","PVGEIYKR",1
"1686","PVKPQVPLR",1
"1687","PVPFQLPPL",1
"1688","PVRPQVPLRPMTFKA",0
"1689","PVTFGWCFKL",1
"1690","QAALDLSHF",0.5
"1691","QAEHEKYHSNW",0
"1692","QAISPRTL",1
"1693","QAISPRTLNAV",1
"1694","QAISPRTLNAW",1
"1695","QALSPRTLNAW",0.75
"1696","QAPLRPMTY",0.5
"1697","QAPLRPMTYK",1
"1698","QARVLAIERYL",1
"1699","QARVLAMERYL",1
"1700","QASGEVKNW",1
"1701","QASKEVKNW",0
"1702","QASKEVKNWV",1
"1703","QASQDVKNW",0.1875
"1704","QASQDVRNW",1
"1705","QASQEVKNW",0.5
"1706","QATQDVKNW",1
"1707","QATQEVKGW",1
"1708","QATQEVKNM",1
"1709","QATQEVKNW",0.5
"1710","QATWIPEWEF",1
"1711","QAVRIIKILY",1
"1712","QDEHEKYHSNW",0
"1713","QDILDLWIY",1
"1714","QDILDLWVY",1
"1715","QEEHEKYHSNW",1
"1716","QEEHERYHSNW",1
"1717","QEIADLWVY",1
"1718","QEILALWVY",0
"1719","QEILDAWVY",1
"1720","QEILDLWIY",1
"1721","QEILDLWVH",0
"1722","QEILDLWVY",1
"1723","QELKKSAVSL",0.5
"1724","QELKNSAVNL",1
"1725","QELKNSAVSL",1
"1726","QELLALDKW",1
"1727","QELYPLASLRSLFGNDPS",0
"1728","QEPIDKELY",1
"1729","QEQIGWMTG",1
"1730","QETAYFILK",1
"1731","QETAYFILKL",1
"1732","QFKDKTIVF",0
"1733","QFKNKAIVF",0
"1734","QFKNKTIVF",0
"1735","QFRNKAIVF",0
"1736","QFRNKTIVF",1
"1737","QFSNKTIVF",0
"1738","QGEHEKYHSNW",0
"1739","QGLERALL",1
"1740","QGQDQWTYQIYQ",1
"1741","QGQMVHQSL",1
"1742","QGVGGPGHKARVL",1
"1743","QGWKGAPAI",0
"1744","QGWKGSPAI",1
"1745","QGWKGSPAIFQASMTKIL",1
"1746","QGYFPDWQNY",1
"1747","QGYFPDWQNYTPGPVRY",1
"1748","QHLLQLTVWGIKQLQ",1
"1749","QHLLRWGLT",1
"1750","QHLLRWGLY",0.5
"1751","QIIEELIKK",0
"1752","QIIEKLIEK",0
"1753","QIIEQLIKK",1
"1754","QIIGDIRQAY",0.5
"1755","QILEQLQPA",1
"1756","QILEQLQPAL",1
"1757","QILGEPPTV",1
"1758","QIPLRPMTYK",1
"1759","QIRSISERIL",1
"1760","QIRSLSGWIL",1
"1761","QIRTYSGWI",1
"1762","QITPLCVTL",0
"1763","QIYAGIKVK",0.5
"1764","QIYAGIKVR",0.25
"1765","QIYPGIKVK",1
"1766","QIYPGIKVR",0.583333333333333
"1767","QIYPGIRVK",0.166666666666667
"1768","QIYQEPFKNLK",1
"1769","QIYQEPFKNLKTG",1
"1770","QKIAMESIVIWGKTPKFR",1
"1771","QKQRQIQSL",0.5
"1772","QLAHRHMAR",1
"1773","QLDCTHLEGK",1
"1774","QLPPLERLT",1
"1775","QLQPSLQTGS",1
"1776","QLQPSLQTGSEELR",1
"1777","QLRPGGKKRY",1
"1778","QLTEAVHKI",1
"1779","QLTEAVQKI",1
"1780","QLTPLCVTL",1
"1781","QMAVFIHNFK",1
"1782","QMHEDIISI",1
"1783","QMHEDIISL",1
"1784","QMHEDVISL",1
"1785","QMLKDTINEEA",1
"1786","QMLKETINEEA",1
"1787","QMQEDIISL",1
"1788","QMTFLCVQM",0
"1789","QMVHQAISPR",1
"1790","QMVHQALSP",1
"1791","QMVHQALSPRTLNAW",0
"1792","QNPDIVIYQ",1
"1793","QNYTPGPGVRYPLTFGWCF",1
"1794","QPDKSESELV",1
"1795","QPGERAWHL",1
"1796","QPGERDWHL",0.25
"1797","QPIQIAIAAL",1
"1798","QPKTACTNC",1
"1799","QPKTACTNCY",1
"1800","QPKTACTTCY",1
"1801","QPKTPCNKCY",1
"1802","QPRSNTHVF",0
"1803","QRGNFRNQR",1
"1804","QRGNFRNQRK",1
"1805","QRGWEVLKY",1
"1806","QRPIVTIKI",0.5
"1807","QRPIVTVKIG",0
"1808","QRPLVTIKI",1
"1809","QRPLVTVKIG",1
"1810","QRPLVTVRIG",0
"1811","QRQDILDLW",1
"1812","QRQDILDLWVY",0.375
"1813","QRQRHIQSL",0
"1814","QRQRQIQLL",0.125
"1815","QRQRQIQSI",0.625
"1816","QRQRQIQSL",1
"1817","QRQRQIRSL",0.25
"1818","QRRQDILDL",1
"1819","QSPEVIPMF",1
"1820","QTDPAVKNWM",1
"1821","QTGQETAYFLL",0.25
"1822","QTKGLGISY",1
"1823","QTRVLAERYL",1
"1824","QTRVLAIERYL",1
"1825","QTRVLALERYL",1
"1826","QTRVLAMERYL",0
"1827","QTRVLAVERYL",1
"1828","QVALRPMTYK",1
"1829","QVDCSPGI",1
"1830","QVDKLVSAGIRKILFL",0
"1831","QVEHEKYHSNW",0
"1832","QVLGESPTVL",1
"1833","QVLGKSPTVL",1
"1834","QVPARPMTY",0.5
"1835","QVPARPMTYK",1
"1836","QVPIRPMTYK",0.5
"1837","QVPLAPMTY",0.5
"1838","QVPLAPMTYK",0.5
"1839","QVPLGPMSYK",1
"1840","QVPLGPMTYK",0.5
"1841","QVPLKPMTFK",0.5
"1842","QVPLRAMTY",0.5
"1843","QVPLRAMTYK",1
"1844","QVPLRPATYK",0.5
"1845","QVPLRPMAYK",0.5
"1846","QVPLRPMSYK",1
"1847","QVPLRPMSYR",0
"1848","QVPLRPMTAK",1
"1849","QVPLRPMTEK",0.5
"1850","QVPLRPMTF",0.5
"1851","QVPLRPMTFK",1
"1852","QVPLRPMTFKAAVDL",0
"1853","QVPLRPMTRR",0
"1854","QVPLRPMTSR",0
"1855","QVPLRPMTY",1
"1856","QVPLRPMTYA",1
"1857","QVPLRPMTYK",1
"1858","QVPLRPMTYKA",1
"1859","QVPLRPMTYQ",0.5
"1860","QVPLRPMTYR",0.5
"1861","QVPLRPMYTK",1
"1862","QVPLRRMTYK",1
"1863","QVPVRPMTFK",0
"1864","QVPVRPMTY",1
"1865","QVPVRPMTYK",0.75
"1866","QVRDQAEHL",1
"1867","QVSQNYPIV",1
"1868","QVTNPATIMIQK",1
"1869","QVTNSATIM",1
"1870","QYALGIIQA",1
"1871","QYDQILIEI",0.5
"1872","QYDQIPIEI",1
"1873","QYKLKHIVW",0.555555555555556
"1874","RAALDLSHFL",0
"1875","RAALDLSHLL",0
"1876","RAAVDLSHFL",0
"1877","RACRAILHI",1
"1878","RAEPAADGV",1
"1879","RAEQASQDV",0
"1880","RAEQASQEV",1
"1881","RAEQASQEVK",1
"1882","RAEQATQDVKN",1
"1883","RAEQATQDVKNWMT",1
"1884","RAEQATQDVKNWMTD",1
"1885","RAEQATQEV",1
"1886","RAFSPEIIPMF",0
"1887","RAFSPEVIP",1
"1888","RAFSPEVIPMF",0.75
"1889","RAHLLRWGF",0.5
"1890","RAHLLSWGF",1
"1891","RAIDAQQHL",1
"1892","RAIEAQQHL",1
"1893","RAIEAQQHM",1
"1894","RAIEAQQHML",1
"1895","RAIEAQQM",1
"1896","RAIEAQQQM",1
"1897","RAIEAQQWQ",1
"1898","RAIETQQHL",1
"1899","RAIEVQQHL",1
"1900","RAIKAQQHL",1
"1901","RAIQARQHM",0
"1902","RAIYSIPRR",1
"1903","RALGAGATL",0
"1904","RALGAGATM",0
"1905","RALGPGATL",1
"1906","RALGPGATM",1
"1907","RALGQGATL",0
"1908","RALGQGATM",0
"1909","RALGSGATL",0
"1910","RALGSGATM",0
"1911","RALGVGATL",0
"1912","RALGVGATM",0
"1913","RAMASDFNL",1
"1914","RAPRKKGCW",1
"1915","RAPRTLNAW",0
"1916","RAVGMGALIFEFL",1
"1917","RAVLNVPTRIRQGLERAL",0
"1918","RAYRAILHI",1
"1919","RCSSNITGLL",1
"1920","RDLEKHGAI",1
"1921","RDLERHGAL",1
"1922","RDYVDRFFKTL",0.5
"1923","RDYVDRFYKTL",1
"1924","REHLLKWGF",0.625
"1925","REHLLRWGF",0.75
"1926","REILDLWVY",1
"1927","RELERFAL",1
"1928","RELERFAV",1
"1929","REPHNEWTL",0.5
"1930","REPYNEWTL",1
"1931","REQDILDLWI",0
"1932","RERGKRDEPAAVGVGPAS",0
"1933","RERMRRAEP",1
"1934","RERR....PAAVGVGPAS",0
"1935","RERRGRDEPAAVGVGPAS",0
"1936","RERRKRDEPAAVGVGPAS",0
"1937","RERRRGDEPAAVGVGPAS",0
"1938","RERRRKDEPAAVGVGPAS",0
"1939","RERRRKDEPAAVGVGPVS",0
"1940","RERRRRDESAAVGVGPAS",0
"1941","RERRRREEPAAVGVGPAS",0
"1942","RERRRREEPAAVGVGPVS",0
"1943","RETKLGKAGY",1
"1944","REVLIWKFD",1
"1945","RFAVNPGLL",1
"1946","RFDSRLAF",1
"1947","RFDSRLAFH",1
"1948","RFPITFGW",0
"1949","RFPITFGWCF",0
"1950","RFPLTFGW",0.475
"1951","RFPLTFGWCF",0.0476190476190476
"1952","RFPLTFGWCY",0
"1953","RFPMTFGWCF",0
"1954","RGHLLKWGF",0.25
"1955","RGPGRAFTVTI",1
"1956","RGPGRAFVT",1
"1957","RGPGRAFVTI",0.5
"1958","RGPGRAFYTT",1
"1959","RGQDILDLWI",0
"1960","RGRQKVVPL",1
"1961","RGRQKVVSL",1
"1962","RHLAFKCLW",1
"1963","RIDVKDTKEAL",1
"1964","RIGCQHSRIGIGQRRRAR",0
"1965","RIGCQHSRIGIRHRRRAR",0
"1966","RIGCQHSRIGIRQRRRAR",0
"1967","RIGCQHSRIGLGQRRRAR",0
"1968","RIGCQRSRIGIRQRRRAR",0
"1969","RIGCRHSRIGV",1
"1970","RIGPGQTFY",1
"1971","RIKPPLPSVTK",1
"1972","RIKQFINMW",1
"1973","RIKQIINMW",1
"1974","RIKQIINRW",1
"1975","RIKQIVNMW",1
"1976","RIKTWKSLVK",1
"1977","RILQHLLFA",1
"1978","RILQQLFI",1
"1979","RILQQLLFA",1
"1980","RILQQLLFI",1
"1981","RILQQLLFV",1
"1982","RILQQLLLI",1
"1983","RILQQMLFI",1
"1984","RILQRLLFV",1
"1985","RILSTYLGR",1
"1986","RIQRGPGRAFTIGK",1
"1987","RIQRGPGRAFVTIG",1
"1988","RIQRGPGRAFVTIK",1
"1989","RIRLRPGGK",0.166666666666667
"1990","RIRLRPGGR",0
"1991","RIRQGLERA",1
"1992","RIRRTAPKA",0
"1993","RIRRTAPTA",1
"1994","RIRRTAQAA",1
"1995","RIRTWKSLVK",1
"1996","RISTWKSLVK",1
"1997","RKAKIIKDY",1
"1998","RKAKIIRDY",1
"1999","RKAKILRDY",0.166666666666667
"2000","RKAKILRHY",0.166666666666667
"2001","RKHLLKWGF",1
"2002","RKHLLSWGF",1
"2003","RKIYKRWII",0
"2004","RKKRRQRRR",1
"2005","RKNYQHLWK",1
"2006","RKQQISALF",0.25
"2007","RKVKIIRDY",0.166666666666667
"2008","RLAFHHMAR",1
"2009","RLAFHHVAK",1
"2010","RLAFHHVAR",0.5
"2011","RLAFHHVARELHPE",1
"2012","RLAYQHIAKEK",1
"2013","RLHPVHAGP",1
"2014","RLHPVHAGPIA",1
"2015","RLIDRLIER",1
"2016","RLISCNTSV",1
"2017","RLLNAWVKV",1
"2018","RLLQQLLFI",1
"2019","RLPLTFGWCF",0
"2020","RLRDFILIVTR",0.75
"2021","RLRDLLLIV",1
"2022","RLRDLLLIVTR",1
"2023","RLRPGGKKH",0.75
"2024","RLRPGGKKHY",1
"2025","RLRPGGKKHYM",1
"2026","RLRPGGKKK",0.5
"2027","RLRPGGKKKK",1
"2028","RLRPGGKKKKY",1
"2029","RLRPGGKKKY",1
"2030","RLRPGGKKKYK",1
"2031","RLRPGGKKKYRL",1
"2032","RLRPGGKKQ",0.383333333333333
"2033","RLRPGGKKQY",0.75
"2034","RLRPGGKKR",0.583333333333333
"2035","RLRPGGKKRY",0.75
"2036","RLRPGGKKRYRL",1
"2037","RLRPGGKQK",0
"2038","RLRPGGRKK",0
"2039","RLRPGGRKKY",1
"2040","RLRPGGRKR",1
"2041","RLRQGGKKK",1
"2042","RLSYNTVATLY",1
"2043","RLTPLCVTL",1
"2044","RLVNGSLAL",1
"2045","RLVSGFLAL",1
"2046","RMLQHLLFI",0
"2047","RMLQQLLFI",1
"2048","RMLQQLLFV",0
"2049","RMRGAHTNDV",1
"2050","RMRGAHTNDVK",1
"2051","RMRRAEPAA",1
"2052","RMYSPTSI",1
"2053","RMYSPTSIL",1
"2054","RMYSPVIL",1
"2055","RMYSPVSI",0.833333333333333
"2056","RMYSPVSIL",1
"2057","RNIPIRIRQ",1
"2058","RNLLTQIGC",0.5
"2059","RNLMTQIGC",0.5
"2060","RNQRKTVKC",1
"2061","RNRSIRLVN",1
"2062","RPAELVLQL",1
"2063","RPAEPVPFQL",0.5
"2064","RPAEPVPLQL",1
"2065","RPEEPVPLQL",1
"2066","RPEPTAPPA",1
"2067","RPGGKKHY",1
"2068","RPGGKKHYK",0.0833333333333333
"2069","RPGGKKHYM",1
"2070","RPGGKKHYR",0
"2071","RPGGKKKKYK",1
"2072","RPGGKKKKYR",1
"2073","RPGGKKKRYK",1
"2074","RPGGKKKYK",0
"2075","RPGGKKKYKL",1
"2076","RPGGKKKYML",1
"2077","RPGGKKQYM",0.166666666666667
"2078","RPGGKKRYKL",1
"2079","RPGGKKRYM",0.388888888888889
"2080","RPGGKKSYM",0.166666666666667
"2081","RPGGRKKRYK",1
"2082","RPITYKAAL",1
"2083","RPIVSTQLL",1
"2084","RPLVTIKI",1
"2085","RPMSYKAAL",0
"2086","RPMTCKGAL",1
"2087","RPMTFKAAL",0.444444444444444
"2088","RPMTFKAAV",0.166666666666667
"2089","RPMTFKAAVDLSHFL",0
"2090","RPMTFKGAF",1
"2091","RPMTFKGAL",0.333333333333333
"2092","RPMTHQAAW",0.75
"2093","RPMTRKAAL",1
"2094","RPMTWKAAL",1
"2095","RPMTWKGAL",1
"2096","RPMTYKAAF",0.555555555555556
"2097","RPMTYKAAI",0.333333333333333
"2098","RPMTYKAAL",0.256944444444444
"2099","RPMTYKAAV",0.508333333333333
"2100","RPMTYKFAL",1
"2101","RPMTYKGAL",1
"2102","RPMTYKGAV",0.222222222222222
"2103","RPMTYRAAR",1
"2104","RPMTYRGAL",0
"2105","RPNNDTRKSI",1
"2106","RPNNNTGKRI",0
"2107","RPNNNTRKCI",0
"2108","RPNNNTRKGI",1
"2109","RPNNNTRKRI",1
"2110","RPNNNTRKS",1
"2111","RPNNNTRKSI",1
"2112","RPNNNTRKSL",1
"2113","RPNNNTRKST",1
"2114","RPNNNTRKSV",1
"2115","RPNNNTRRGI",1
"2116","RPNNNTRRSI",0
"2117","RPNNSTRKSI",1
"2118","RPNYNKRKRI",0
"2119","RPQQVPLRPM",1
"2120","RPQVPIRPM",0
"2121","RPQVPLRPM",1
"2122","RPQVPLRPMTF",1
"2123","RPQVPLRPMTY",1
"2124","RPQVPVRPM",0
"2125","RPRPGGKKK",1
"2126","RPSNNTRKRI",0
"2127","RPSNNTRKSI",1
"2128","RPTNNTRKSI",0
"2129","RPVVSTQLL",1
"2130","RPVVSTQLLL",1
"2131","RPYNNTRKS",1
"2132","RPYNNTRQS",1
"2133","RPYNNTRRS",1
"2134","RQANFLGK",1
"2135","RQANFLGKI",1
"2136","RQANFLGKL",0
"2137","RQANFLGKM",0
"2138","RQANFLGKV",0
"2139","RQANFLGRI",0
"2140","RQANFLGRL",0
"2141","RQANFLGRM",0
"2142","RQDILDLWI",0.5
"2143","RQDILDLWIY",0.5
"2144","RQDILDLWV",0.5
"2145","RQDILDLWVY",1
"2146","RQGFERALL",1
"2147","RQGLERAFL",0
"2148","RQGLERALL",1
"2149","RQGLERVLL",0
"2150","RQGYSPLSF",1
"2151","RQHLLRWGF",0.5
"2152","RQHLLRWGL",1
"2153","RQIHSISER",1
"2154","RQYDQILIEI",0.5
"2155","RQYDQIPIEI",1
"2156","RRGWEVLKY",1
"2157","RRHRILDIYL",1
"2158","RRIRQGLERILL",1
"2159","RRKPPLPSIAK",1
"2160","RRPAQDSKINQ",1
"2161","RRQDILDLWI",1
"2162","RRQDILDLWIY",1
"2163","RRQDILDLWVY",0.833333333333333
"2164","RRQEILDLWVY",1
"2165","RRRWRERQRQ",1
"2166","RRTTHTNDV",1
"2167","RRWIILGLNK",0
"2168","RRWIQLGLQK",1
"2169","RSAEPVPL",1
"2170","RSAEPVPLQL",0.722222222222222
"2171","RSEEPVPLQL",1
"2172","RSIRLVSGFL",1
"2173","RSLFNTIATLF",0
"2174","RSLFNTIATLY",0.166666666666667
"2175","RSLFNTIAVLY",0.166666666666667
"2176","RSLFNTVATLY",0.583333333333333
"2177","RSLFNTVAVLY",0.166666666666667
"2178","RSLYNTATLY",1
"2179","RSLYNTIATLY",0.25
"2180","RSLYNTIAVLY",0.166666666666667
"2181","RSLYNTVATLY",0.5
"2182","RSLYNTVAVLY",0.625
"2183","RSNNNTRKSI",0
"2184","RTLNAWVKV",1
"2185","RTRGAHTNDVK",1
"2186","RTRGAHTNDVR",0.5
"2187","RTSKAALER",0.5
"2188","RTVRLIKLLY",1
"2189","RVIEVAQRV",1
"2190","RVIEVLQAAYR",1
"2191","RVIEVLQRA",1
"2192","RVIKVVQRV",0.5
"2193","RVKEKYQHL",1
"2194","RVLAEAMSQV",1
"2195","RVLKQVTEK",1
"2196","RVLQQLLFI",1
"2197","RVLQQLLFV",1
"2198","RVRRTEPAA",1
"2199","RVYLSWVPAHK",1
"2200","RWEKIRLRP",1
"2201","RWIILGLNK",1
"2202","RWIILGLNKIVRMY",1
"2203","RWPLTFGWCF",0
"2204","RYLKDQKLL",0
"2205","RYLKDQQL",1
"2206","RYLKDQQLL",1
"2207","RYLRDQQL",1
"2208","RYLRDQQLL",1
"2209","RYLRDQQLLGI",1
"2210","RYPITFGW",0
"2211","RYPITFGWCF",0
"2212","RYPLCFGWCF",1
"2213","RYPLTFGW",0.5
"2214","RYPLTFGWCF",1
"2215","RYPLTFGWCFY",1
"2216","RYPLTFGWCY",0.333333333333333
"2217","RYPLTFGWCYK",1
"2218","RYPLTLGW",0
"2219","RYPLTLGWCF",0
"2220","RYRLKHLVW",0.583333333333333
"2221","RYSTQVEPGLADQLIHMH",1
"2222","SAAVKAACW",1
"2223","SAAVKAACWW",1
"2224","SAEHVPLQL",0
"2225","SAEPGPLQL",0
"2226","SAEPVPFQL",0
"2227","SAEPVPLQL",1
"2228","SAESVPLQL",0
"2229","SAISLLDTI",1
"2230","SDIAGTTST",1
"2231","SEEPVPLQL",0
"2232","SEGATPQDL",1
"2233","SESAIRNAI",1
"2234","SEVNIVTDSQY",1
"2235","SEWILSTHL",1
"2236","SFDPIPIHF",1
"2237","SFDPIPIHY",1
"2238","SFEPIPIHY",1
"2239","SFFLKEKGGLEGLIYSKK",1
"2240","SFNCGGEFF",1
"2241","SFNCGGEFFY",1
"2242","SFNCRGEFF",0
"2243","SFNCRGEFFY",1
"2244","SFPQITLWQRPLVT",1
"2245","SFTCGGEFF",1
"2246","SFTCGGGFF",0.5
"2247","SFTCGGGVF",0
"2248","SGEDWNKTLGHVVDKLRE",0
"2249","SGEDWNKTLSHVVAKLRE",0
"2250","SGEDWNKTLSYVVDKLRE",0
"2251","SGGELDKWEK",1
"2252","SGLEVNIVT",1
"2253","SGRASGWFF",0
"2254","SGRASGWFY",0
"2255","SHFLKEKGGLEGL",1
"2256","SIFQSSMTK",1
"2257","SILDIRQGPK",1
"2258","SIVGWPAVRDRMRRA",0
"2259","SIVIWGKTPK",1
"2260","SIYNLVATL",1
"2261","SKKRQKILDLWVYHT",0
"2262","SKRASGWFF",1
"2263","SKRASGWFY",1
"2264","SKRIVKCFNCG",1
"2265","SKRSVPGWS",1
"2266","SKRSVVGWPTVRER",1
"2267","SLADQLIHL",0
"2268","SLAFRHVAQ",0
"2269","SLAFRHVAR",1
"2270","SLANTVATL",0.0833333333333333
"2271","SLARRHLAR",1
"2272","SLEPVPLQL",0
"2273","SLFNAIAVL",0
"2274","SLFNAVATL",0.0625
"2275","SLFNAVAVL",0
"2276","SLFNLVATL",1
"2277","SLFNTIATL",0.5625
"2278","SLFNTIATLY",0.333333333333333
"2279","SLFNTIAVL",0.6
"2280","SLFNTIAVLY",0.333333333333333
"2281","SLFNTVAAL",0.5
"2282","SLFNTVATI",0
"2283","SLFNTVATL",0.539583333333333
"2284","SLFNTVATLY",0.666666666666667
"2285","SLFNTVATLYCVHQR",1
"2286","SLFNTVATP",0.5
"2287","SLFNTVAVL",0.541666666666667
"2288","SLFNTVAVLY",0.333333333333333
"2289","SLFSTVATL",0
"2290","SLGQHIYET",1
"2291","SLGQYIYAT",0
"2292","SLHNAVAVL",0
"2293","SLHNTVATL",0
"2294","SLKEKGGL",1
"2295","SLLNATAIAV",1
"2296","SLLNATDIAV",0.5
"2297","SLLNTVATL",0
"2298","SLRDLLLIVTR",0.75
"2299","SLSNTVATL",0
"2300","SLSPRTLNA",1
"2301","SLTETTTNQK",1
"2302","SLVKHHLTE",1
"2303","SLVKHHMYI",1
"2304","SLVKHHMYV",1
"2305","SLWDQSLKP",1
"2306","SLYATVATL",0.0833333333333333
"2307","SLYLTVATL",1
"2308","SLYNAIATL",0
"2309","SLYNAVATL",0.291666666666667
"2310","SLYNIIAVL",1
"2311","SLYNIVATLWCVH",1
"2312","SLYNLVATL",0.666666666666667
"2313","SLYNLVAVL",0
"2314","SLYNSVATL",1
"2315","SLYNTAATL",0.75
"2316","SLYNTAVTL",1
"2317","SLYNTIATL",0.587179487179487
"2318","SLYNTIATLY",0.333333333333333
"2319","SLYNTIAVL",0.5
"2320","SLYNTIAVLY",0.333333333333333
"2321","SLYNTVAAL",0.416666666666667
"2322","SLYNTVATI",0
"2323","SLYNTVATL",0.8
"2324","SLYNTVATLY",1
"2325","SLYNTVAVL",0.75
"2326","SLYNTVAVLY",0.333333333333333
"2327","SLYNTVVTL",1
"2328","SLYNVVATL",0
"2329","SLYQTVATL",1
"2330","SMTKILEPF",1
"2331","SNFTGATVR",1
"2332","SNPDCKTIL",0
"2333","SPAAFQSSM",0
"2334","SPAIAQSSM",0
"2335","SPAIFASSM",0.5
"2336","SPAIFQASM",0.6875
"2337","SPAIFQCSM",1
"2338","SPAIFQSSM",1
"2339","SPAIFQSSMT",1
"2340","SPAIFQSSMTK",1
"2341","SPEVIPMF",1
"2342","SPHPRISSEV",1
"2343","SPIETVPVKL",1
"2344","SPKVKQWPL",1
"2345","SPLSFQTLI",1
"2346","SPLSFQTRL",1
"2347","SPLSFQTRLPAPRGP",1
"2348","SPRALNAWV",1
"2349","SPRPLNAWV",1
"2350","SPRTLDAWV",1
"2351","SPRTLNAWV",1
"2352","SPRTLNAWVKV",1
"2353","SPRTLSAWV",1
"2354","SPSIFQSSM",1
"2355","SPVRPQVPL",1
"2356","SQIYAGIKV",1
"2357","SQIYPGIKVR",1
"2358","SQKQEQIDK",1
"2359","SQNYPIVQNAQ",0
"2360","SQNYPIVQNIQ",1
"2361","SQRASGWFF",0
"2362","SQRASGWFY",0
"2363","SQVSQNYK",1
"2364","SQVSQNYPIVQNLQG",1
"2365","SQVSQNYR",1
"2366","SQVTNPANI",1
"2367","SQVTNPATIM",1
"2368","SQVTNPATIMIQK",1
"2369","SQVTNSATI",1
"2370","SQVTNSATIMMQR",1
"2371","SQYALGII",1
"2372","SRAKWNNTL",1
"2373","SRKAKGWFY",1
"2374","SRLAFNHMA",1
"2375","SRPEPTAPPEESF",1
"2376","SRRASGWFF",0
"2377","SRRASGWFY",0
"2378","SSFNTVATL",0
"2379","SSLAFRHVAR",1
"2380","SSPAIFQSSMT",0
"2381","SSTCGGEFF",0.5
"2382","SSVDEQIQW",1
"2383","STAVKAACWW",0
"2384","STGIRRVLFL",1
"2385","STLQEQIAW",1
"2386","STLQEQIGW",1
"2387","STLQEQIGWM",1
"2388","STNNETPGVRY",1
"2389","STPESANL",1
"2390","STTVKAACW",1
"2391","STTVKAACWW",1
"2392","STWNVNGTW",1
"2393","SVEPVPLQL",0
"2394","SVHIGPGRAFYATGD",0
"2395","SVIGWPAVRER",1
"2396","SVIKQACPK",1
"2397","SVITQACPK",1
"2398","SVLSGGELDKWEK",1
"2399","SVLSGGELDRWEKI",1
"2400","SVLSGGQLDR",1
"2401","SVNCGGEFF",0
"2402","SVPGWSTVR",1
"2403","SVPLDEDFRKYTAFTI",0
"2404","SVPLDEGFRK",1
"2405","SVPLDESFRK",1
"2406","SVPLRPMTYK",1
"2407","SVTVLDVGD",1
"2408","SVVGWPAVR",1
"2409","SVVKHHMYI",1
"2410","SVYNTVATL",0.166666666666667
"2411","SYHRLRDFI",1
"2412","SYHRLRDFV",1
"2413","SYHRLRDLI",0.5
"2414","SYHRLRDLL",0.5
"2415","SYHRLRDLLLIVTR",1
"2416","SYRHLRDFI",0
"2417","SYRLLRDLL",0
"2418","SYRRLRDLL",1
"2419","SYVDRFYKSL",1
"2420","TAATNADCA",1
"2421","TACNKCHCK",1
"2422","TACNNCYCK",1
"2423","TACNNCYCKK",1
"2424","TAFTIPSI",1
"2425","TAFTIPSIN",1
"2426","TAFTIPSL",0.25
"2427","TAFTIPSM",0.75
"2428","TAFTIPSR",0.2
"2429","TAFTIPSV",0.5
"2430","TAFTVPSV",0.5
"2431","TAVPWDSSW",1
"2432","TAVPWNASW",1
"2433","TAVPWNSSW",1
"2434","TDIQTKEL",1
"2435","TDNGSNFTSTTVK",1
"2436","TDRVIEVAQRAYRAI",1
"2437","TEEKIKALVE",1
"2438","TELQAIQLAL",1
"2439","TEMEAEGKI",1
"2440","TEMEKEGKI",1
"2441","TERQANFL",1
"2442","TGNNSQVSQNYP",1
"2443","THLEGKIIL",1
"2444","THLEGKVIL",1
"2445","TIKIGGQLK",1
"2446","TILDVGDAF",0.5
"2447","TILDVGDAY",0.416666666666667
"2448","TIMIQKGNFR",1
"2449","TINEEAAEW",1
"2450","TIYYGVPVWK",0.5
"2451","TIYYGVPVWR",0.5
"2452","TKALGISYGR",1
"2453","TKGLGISY",1
"2454","TKIQNFRVYY",1
"2455","TLAFHHVAR",1
"2456","TLAQVVKKL",0
"2457","TLDAWVKVV",1
"2458","TLDKVVEKL",1
"2459","TLDKVVKKL",1
"2460","TLEILEELKN",1
"2461","TLEQVVEKL",1
"2462","TLEQVVKKL",1
"2463","TLEQVVNKL",0
"2464","TLFCASDAK",1
"2465","TLGKVVKKL",0
"2466","TLGPGRVLY",1
"2467","TLGQVVEKL",1
"2468","TLGRVAKKL",0
"2469","TLNAWVKAI",1
"2470","TLNAWVKAV",1
"2471","TLNAWVKLV",1
"2472","TLNAWVKVI",0.75
"2473","TLNAWVKVV",1
"2474","TLNAWVKW",1
"2475","TLNFPISPI",1
"2476","TLPATIMIQK",1
"2477","TLQEQIAWM",0
"2478","TLQEQIGWM",1
"2479","TLQEQIGWMT",1
"2480","TLRAEQATQD",1
"2481","TLSAWVKVV",1
"2482","TLSKIVTKL",0
"2483","TLSQIVTKL",1
"2484","TLTSCNTSV",1
"2485","TLWQRPLVTIR",1
"2486","TLYCVHER",0
"2487","TLYCVHQK",0.84375
"2488","TLYCVHQKI",1
"2489","TLYCVHQQ",0.5
"2490","TLYCVHQR",0.583333333333333
"2491","TLYCVHQRI",1
"2492","TMGAASITL",1
"2493","TMGAASLTL",0
"2494","TMGAASMAL",0
"2495","TMGAASMTL",0
"2496","TMGAASVAL",0
"2497","TMGAASVTL",0
"2498","TMYCVHQK",1
"2499","TNCRGEFL",1
"2500","TNSANIMMQR",1
"2501","TNVPWNSSW",1
"2502","TPADLNTML",0
"2503","TPGIRYQYNV",1
"2504","TPGIRYQYNVL",1
"2505","TPGPGIKYPL",1
"2506","TPGPGIRYPL",0.4
"2507","TPGPGIRYPLTFGW",1
"2508","TPGPGRFPL",1
"2509","TPGPGTRFPL",0.375
"2510","TPGPGTRYPL",1
"2511","TPGPGVKYPL",1
"2512","TPGPGVRFPL",0.5
"2513","TPGPGVRLPL",0.5
"2514","TPGPGVRWPL",0.5
"2515","TPGPGVRY",1
"2516","TPGPGVRYP",1
"2517","TPGPGVRYPL",0.625
"2518","TPKKIKPPL",1
"2519","TPLCVTLNCT",1
"2520","TPPLVKLWYQL",1
"2521","TPQDLNMML",0.5
"2522","TPQDLNMMLN",1
"2523","TPQDLNQML",1
"2524","TPQDLNQMLNTV",1
"2525","TPQDLNSML",0
"2526","TPQDLNTM",1
"2527","TPQDLNTML",1
"2528","TPQDLNTMLN",1
"2529","TPQDLNTMLNT",1
"2530","TPQDLNTNL",1
"2531","TPQDMNTML",0
"2532","TPQDSNTML",0
"2533","TPQDYNTML",0
"2534","TPQVPLRPM",1
"2535","TPQVPLRPMTY",1
"2536","TPSDLNTML",0
"2537","TPSQKQEPI",1
"2538","TPTDLNTML",1
"2539","TPVNIIGRNL",1
"2540","TPVNIIGRNML",1
"2541","TPYDINQML",1
"2542","TQGPGVRYPL",0
"2543","TQGYFPDWQNY",1
"2544","TQGYFPDWQNYT",1
"2545","TQICGTLNF",1
"2546","TQIGCTLNF",1
"2547","TQMNWPNLWK",1
"2548","TRANSPTRR",1
"2549","TRYPLTFGW",1
"2550","TSGPGVRYPL",0
"2551","TSIGDKMQK",1
"2552","TSILDIRQGPK",1
"2553","TSSLQEQIGW",0
"2554","TSTLAEQIAW",0.5
"2555","TSTLAEQVAW",0.5
"2556","TSTLHEQVQW",0
"2557","TSTLQEQIAW",0.625
"2558","TSTLQEQIDW",0.25
"2559","TSTLQEQIEW",0.166666666666667
"2560","TSTLQEQIGN",1
"2561","TSTLQEQIGW",0.458333333333333
"2562","TSTLQEQIGWF",1
"2563","TSTLQEQIGWM",1
"2564","TSTLQEQIGWMT",1
"2565","TSTLQEQMAW",0
"2566","TSTLQEQVAW",0.5
"2567","TSTLQEQVEW",0
"2568","TSTLQEQVGW",1
"2569","TSTLQRQIGW",1
"2570","TSTLREQIGW",0
"2571","TSTLSEQIAW",0.5
"2572","TSTLSEQVAW",0.5
"2573","TSTLVEQIAW",0.5
"2574","TSTPQEQIGW",1
"2575","TSTPQEQLGW",0
"2576","TSTVDEQIQW",1
"2577","TSTVEEQIQW",0.75
"2578","TSTVEEQQIW",1
"2579","TTLFCASDAK",1
"2580","TTPDKKHQKE",1
"2581","TTSTLQEQI",1
"2582","TTSTLQEQIA",1
"2583","TTTVPWNVSW",1
"2584","TTVPWNVSW",1
"2585","TVATLYCVH",1
"2586","TVFTIPSI",0
"2587","TVHYGVPVWR",0.166666666666667
"2588","TVKIIKFLY",1
"2589","TVLDVGDAF",0.416666666666667
"2590","TVLDVGDAY",1
"2591","TVLDVGDIY",1
"2592","TVLIGPTPV",1
"2593","TVQHIQLPEKDIWTVNDI",1
"2594","TVQPIQLPEKDSWTVNDI",1
"2595","TVQPIVLPE",1
"2596","TVRERMRRA",1
"2597","TVRLIKFLY",1
"2598","TVYYGIPVW",1
"2599","TVYYGVPAGR",0.5
"2600","TVYYGVPMW",1
"2601","TVYYGVPVMK",1
"2602","TVYYGVPVW",1
"2603","TVYYGVPVWK",1
"2604","TVYYGVPVWKEAKTTLF",1
"2605","TVYYGVPVWR",1
"2606","TWAGVEAIIRI",1
"2607","TWAVEAIIRI",1
"2608","TWEAWWTEYW",1
"2609","TWETWWTEYW",1
"2610","TYKAAVDL",1
"2611","TYNETYNEI",1
"2612","TYQIYQEPF",1
"2613","VAEGTDRIIEESQRA",0
"2614","VAEGTDRVIEALQRA",0
"2615","VAEGTDRVIEESQRA",0
"2616","VAEGTDRVIEGLQRA",0
"2617","VAEGTDRVIEI",1
"2618","VAEGTGRVIEGLQRA",0
"2619","VAIKIGGQIK",1
"2620","VAIKIGGQLK",0
"2621","VALDLSHFLK",1
"2622","VAREIHPEF",1
"2623","VASCDKCQL",1
"2624","VATLYCVHQ",1
"2625","VATLYCVHQRI",1
"2626","VATLYCVHQRIEVK",1
"2627","VCFITKALGI",1
"2628","VCFMLKGLGI",0
"2629","VCFMTKGLGI",1
"2630","VCFTTKGLGI",1
"2631","VDLSHFLK",1
"2632","VDRFYKLTRAEQAS",1
"2633","VDRFYKTLRAEQAS",1
"2634","VEELREHLL",0.5
"2635","VEIKDTKEAL",1
"2636","VEINCTR",1
"2637","VENLWVTVY",0
"2638","VENSWVTVY",0
"2639","VERYLKDQQL",1
"2640","VERYLKDQQLLGIWG",1
"2641","VEWPAVRERM",1
"2642","VFAVLSIVNR",1
"2643","VGEIYKRWIIGLNK",1
"2644","VGFPVRPQV",1
"2645","VGFPVTPQVPLRMT",1
"2646","VGGHQAAMQMLKDTINEEAAEWDR",1
"2647","VGGHQAAMQMLKET",1
"2648","VGGNLWVTVYYGVPVWK",1
"2649","VGGPGHKARVL",1
"2650","VGPTPFNVI",0
"2651","VGPTPINII",1
"2652","VGPTPVNI",1
"2653","VGPTPVNII",1
"2654","VGPTPVNIIG",1
"2655","VHAGPIPPG",1
"2656","VHPVHAGPIA",1
"2657","VHQAISPRTL",1
"2658","VHQAISPRTLNAWV",1
"2659","VHQPMSPRTL",1
"2660","VIHTDNGGNFTSGAVKAA",0
"2661","VINRVRQGY",1
"2662","VIPLTEEAE",1
"2663","VIPMFSAL",1
"2664","VIPMFSALS",1
"2665","VIPMSFAL",1
"2666","VIVQYMDDL",1
"2667","VIYQMDDL",1
"2668","VIYQYIDDL",0.5
"2669","VIYQYMDDL",1
"2670","VIYQYMDDLYV",1
"2671","VIYQYMMDL",1
"2672","VIYQYNDDL",1
"2673","VIYQYVDDL",0.333333333333333
"2674","VIYQYVDDLYV",0.5
"2675","VKNWMTDTLLV",1
"2676","VKNWMTETL",1
"2677","VKNWMTETLL",1
"2678","VKNWMTETLLV",1
"2679","VKVIEEKAF",0.5
"2680","VKVVEEKAF",0.5
"2681","VLAEAMAAA",1
"2682","VLAEAMGQV",0
"2683","VLAEAMSAA",1
"2684","VLAEAMSHA",0
"2685","VLAEAMSHV",1
"2686","VLAEAMSKA",0
"2687","VLAEAMSKV",1
"2688","VLAEAMSQA",0.75
"2689","VLAEAMSQI",1
"2690","VLAEAMSQM",0
"2691","VLAEAMSQV",1
"2692","VLAEAMSQVT",1
"2693","VLAEAMSRA",0
"2694","VLAEAMSRV",1
"2695","VLALERYLKDQQL",1
"2696","VLDVGDAYFSV",1
"2697","VLEWKFDSRL",0.75
"2698","VLEWRFDSRL",0.5
"2699","VLEWRFDSSL",0
"2700","VLEWRFGSRL",0
"2701","VLGEAMSQA",0
"2702","VLIGPTPVNI",1
"2703","VLIGPTPVNII",1
"2704","VLKWRFDSRL",1
"2705","VLMWKFDSRL",1
"2706","VLMWQFDSRL",1
"2707","VLVESPAVL",0
"2708","VLVGPTPANI",1
"2709","VLVGPTPINI",1
"2710","VLVGPTPVNI",1
"2711","VLVWKFDSHL",0
"2712","VLVWKFDSKL",1
"2713","VLVWKFDSNL",0
"2714","VLVWKFDSRL",1
"2715","VLVWKFDSSL",1
"2716","VLVWKSDSSL",0
"2717","VLVWRFDSSL",1
"2718","VLYCVHQG",1
"2719","VLYCVHQR",0.166666666666667
"2720","VLYCVHQRI",1
"2721","VNGFLALAW",1
"2722","VNIVTDSQYA",1
"2723","VPADPNPQEMV",1
"2724","VPAWKEATTTLFCASDAKSY",0
"2725","VPHDEDFRKY",0
"2726","VPLDEDFRKY",0.5
"2727","VPLDEGFRKY",1
"2728","VPLDKDFRKY",0.666666666666667
"2729","VPLDKEFRKY",1
"2730","VPLHEDFRKY",0
"2731","VPLQLPPL",1
"2732","VPLRPMSY",0
"2733","VPLRPMTF",0.3
"2734","VPLRPMTFK",1
"2735","VPLRPMTY",1
"2736","VPLRPMTYK",1
"2737","VPLRPMTYKA",1
"2738","VPLTREAEL",1
"2739","VPRRIRQGF",0
"2740","VPRRIRQGL",0
"2741","VPRRKAKII",1
"2742","VPRRKVKII",1
"2743","VPTDPNPPEV",1
"2744","VPTDPNPQEI",1
"2745","VPVEPEKVEEA",1
"2746","VPVWKDAETTL",1
"2747","VPVWKEADTTL",1
"2748","VPVWKEAKTTL",1
"2749","VPVWKEATT",1
"2750","VPVWKEATTT",1
"2751","VPVWKEATTTL",1
"2752","VPVWKEATTTLFCVSDAKAY",0
"2753","VPVWKEATTTLFRASDAKAY",0
"2754","VPVWKEATTTLFYASDAKAY",0
"2755","VPVWKEATTTLSRASDAKAY",0
"2756","VPVWKKATTTL",1
"2757","VPVWRDADTTL",1
"2758","VQKITTESI",1
"2759","VQNANPDCK",1
"2760","VQNLQGQMV",1
"2761","VQNSNPDCK",1
"2762","VQPIMLPDKESW",1
"2763","VQRTCRAIL",1
"2764","VQYWGLELK",1
"2765","VRDQAEHL",1
"2766","VRDQAEHLK",1
"2767","VRHFPRIWL",1
"2768","VRKLVEDRW",1
"2769","VRMYSPTSI",1
"2770","VRMYSPVSI",1
"2771","VRQGYSPLSFQTRLP",1
"2772","VRQYDQIPIEI",1
"2773","VRRTEPAAV",1
"2774","VRYPLTFGW",1
"2775","VSFEPIPIH",1
"2776","VSFEPIPIHY",1
"2777","VSFEPIPPHYCA",1
"2778","VSGFLALAW",1
"2779","VSIKVGGQIK",1
"2780","VSIKVGGQIR",0
"2781","VSIRVGGQIK",0
"2782","VSKKAKGWI",1
"2783","VSPRTLNAW",0.5
"2784","VTDSQYALGI",1
"2785","VTEEFNMWK",1
"2786","VTENFNMWK",1
"2787","VTENFNMWKN",1
"2788","VTGFLALAW",1
"2789","VTIKIEGQLK",0
"2790","VTIKIGGQIK",1
"2791","VTIKIGGQIR",0
"2792","VTIKIGGQLK",1
"2793","VTIKIGGQLR",1
"2794","VTIKLGGQIR",1
"2795","VTIKVGGQLK",1
"2796","VTILIGGQLK",1
"2797","VTIRIGGQLK",1
"2798","VTIRIGGQLR",1
"2799","VTIRVAGQVK",0
"2800","VTIRVGGQLK",1
"2801","VTIRVGGQLR",1
"2802","VTIYYGVPVWK",1
"2803","VTIYYGVPVWR",1
"2804","VTKLTEDRW",1
"2805","VTNPATIM",1
"2806","VTNPATIMIQK",1
"2807","VTNSATIMM",1
"2808","VTVKIEGQLK",0
"2809","VTVKIEGQLR",0
"2810","VTVKIGGELK",0
"2811","VTVKIGGQLK",1
"2812","VTVKIGGQLR",1
"2813","VTVKVGGQLK",1
"2814","VTVKVGGQLR",1
"2815","VTVRIGGMQK",0
"2816","VTVRIGGQLK",1
"2817","VTVRVGGQLK",1
"2818","VTVYDGVPVWK",0
"2819","VTVYDGVPVWR",0
"2820","VTVYYGIPVWR",1
"2821","VTVYYGVPIWK",1
"2822","VTVYYGVPV",1
"2823","VTVYYGVPVRR",0
"2824","VTVYYGVPVWK",1
"2825","VTVYYGVPVWKE",1
"2826","VTVYYGVPVWR",1
"2827","VVAAIIAIV",1
"2828","VVPRRKAKI",1
"2829","VVTLYCVHQRI",1
"2830","VWKDAETTL",1
"2831","VWKDAETTLF",1
"2832","VWKDAKTTLF",1
"2833","VWKEAKTTLF",1
"2834","VWKEATTTLF",1
"2835","VYHTQGYFPDWQNY",1
"2836","VYYDPSKDIA",1
"2837","VYYDPSKDL",1
"2838","VYYDPSKDLI",1
"2839","VYYDPSKDLIA",1
"2840","VYYDPSKDLV",1
"2841","VYYDPSKELI",0.25
"2842","VYYEPSKELI",0.25
"2843","VYYGVPVWKEA",1
"2844","WASRELERF",1
"2845","WCFKLVPV",1
"2846","WCYKLVPV",0
"2847","WETWWMDYW",1
"2848","WETWWTEYW",1
"2849","WHLGHGVSI",1
"2850","WHLGHVSI",1
"2851","WHLGQGVSI",1
"2852","WIILGLNKI",1
"2853","WIYHTQGYF",1
"2854","WIYHTQGYFPDWQ",1
"2855","WKFDSHLAF",0.25
"2856","WKFDSRLAF",1
"2857","WKFDSRLAFRHMARELHPEY",0
"2858","WKFDSRLAL",1
"2859","WKFDSSLAF",0.25
"2860","WKGPAKLLW",1
"2861","WKGSPAIFQSSMT",1
"2862","WKPKMIGGI",1
"2863","WKRDSHLAF",1
"2864","WLWYIKIFI",1
"2865","WLWYIRIFI",1
"2866","WMTDTLLV",1
"2867","WMTETLLV",1
"2868","WMTNNPPIPV",1
"2869","WMTSNPPVPVGEIYK",0.5
"2870","WPAIRARM",0.5
"2871","WPAIRERM",1
"2872","WPAVRDRMRRAEPAA",0
"2873","WPAVRERI",1
"2874","WPAVRERM",0.333333333333333
"2875","WPAVRKRM",0.333333333333333
"2876","WPTVRERM",1
"2877","WPVDPRLEPW",1
"2878","WQEVGKAMY",1
"2879","WQRPLVAI",0
"2880","WQRPLVII",0
"2881","WQRPLVTI",1
"2882","WRFDSHLAF",0
"2883","WRFDSKLAF",1
"2884","WRFDSRLAF",0.8
"2885","WRFDSRLAFH",1
"2886","WRFDSRLAHH",1
"2887","WRFDSRLAL",0
"2888","WRFDSSLAF",0
"2889","WRFGSRLAF",0
"2890","WSKRSVPGW",1
"2891","WSKSSIIGW",1
"2892","WSKSSMIGW",0
"2893","WSMVRERM",1
"2894","WVFDSSLAR",1
"2895","WYIKIFIII",1
"2896","WYIKIFIMI",1
"2897","WYIRIFIMI",1
"2898","YAGIKVRQL",0.5
"2899","YAPPIAGKI",0
"2900","YAPPIAGQI",0
"2901","YAPPIEGII",0
"2902","YAPPIEGLI",0
"2903","YAPPIEGQI",0
"2904","YAPPIKGQI",0
"2905","YAPPIKGSI",0
"2906","YAPPIQGII",0
"2907","YAPPIQGVI",0
"2908","YAPPIRGII",0
"2909","YAPPIRGQI",0
"2910","YAPPIRGVI",0
"2911","YAPPISGQI",1
"2912","YAPPISGRI",0
"2913","YCAPAGFAII",0
"2914","YCAPAGFAIL",1
"2915","YCVHAGIEVRD",1
"2916","YDTEAHNVW",0.25
"2917","YDTEVHNVW",0.5
"2918","YETEAHNVW",0.75
"2919","YETEVHNVW",1
"2920","YFPDWQDYT",1
"2921","YFPDWQNY",1
"2922","YFPDWQNYT",1
"2923","YFPDWQNYTP",1
"2924","YGTEVHNVW",0.5
"2925","YHGIKVRQL",0
"2926","YHKIKVRQL",0
"2927","YHTQGYFPDW",1
"2928","YHTQGYFPDWQ",1
"2929","YIEAEVIPA",1
"2930","YIKIFIMII",0
"2931","YIKIFIMIV",1
"2932","YIRIFIMIV",0
"2933","YIRLFIMIV",0
"2934","YKGALDLSHFL",1
"2935","YKLKHIVWA",1
"2936","YKPVGILDI",0
"2937","YKPVSILDI",0
"2938","YKRWIILGLNK",1
"2939","YKVVKIEPL",1
"2940","YLAWVPAHK",1
"2941","YLGGSEEPV",1
"2942","YLKDQQLL",1
"2943","YLPTFGWCF",0
"2944","YLPTFGWCY",1
"2945","YLQDQARL",1
"2946","YLQDQQLL",0
"2947","YLRDQQLL",0.5
"2948","YLRDQQLLGIWGC",1
"2949","YLSWVPAHK",0
"2950","YNIVATLWCVHQ",1
"2951","YNTVATLYCVHQRI",1
"2952","YPGIKVKQL",1
"2953","YPGIKVRQL",1
"2954","YPGIRVRQL",0.25
"2955","YPGVKVRQL",0
"2956","YPIGKVRQL",1
"2957","YPLASLRSL",1
"2958","YPLASLRSLF",1
"2959","YPLTFGWCF",0.666666666666667
"2960","YPLTFGWCY",1
"2961","YPLTGWCF",1
"2962","YPLTLGWCF",0.333333333333333
"2963","YPLTSLRSL",1
"2964","YPLTSLRSLF",1
"2965","YQGIKVRQL",0
"2966","YQYMDDLYI",1
"2967","YQYMDDLYV",1
"2968","YQYVDDLYV",0.6
"2969","YRDSRDPLW",1
"2970","YRLGVGALI",1
"2971","YRLINCNTSV",1
"2972","YRPVSILDI",0
"2973","YSENSSEYY",1
"2974","YSGIKVRQL",0
"2975","YSPASILDI",0
"2976","YSPISILDI",0.5
"2977","YSPLSLQTL",1
"2978","YSPLSLQTR",0
"2979","YSPTSILDI",1
"2980","YSPVGILDI",0.5
"2981","YSPVSILDI",0.666666666666667
"2982","YSPVSILDIRQGPK",1
"2983","YSTQVDPDL",1
"2984","YTAFTIPSI",0.75
"2985","YTAFTIPSV",1
"2986","YTPGPGIRY",1
"2987","YTPGPGTRY",1
"2988","YTPGPGVRY",1
"2989","YVDRFFKAL",0.5
"2990","YVDRFFKIL",0
"2991","YVDRFFKRL",1
"2992","YVDRFFKTL",0.666666666666667
"2993","YVDRFFKTLRAEQA",1
"2994","YVDRFFKVL",0
"2995","YVDRFYKRL",0.5
"2996","YVDRFYKTL",1
"2997","YVDRFYKTLRAEQA",1
"2998","YYDPSKDLI",1
