"peptide","ic50","rank","Immunogenicity","allele"
"AAIDLSHFL",465.6,2.5,0,"A0201"
"AAVDISHFL",695.4,3.1,0.5,"A0201"
"AAVDLSHFL",1230,4.2,1,"A0201"
"AAVDMSHFL",1465.7,4.6,0.5,"A0201"
"AFHHMAREL",27014.6,37,1,"A0201"
"AFHHVAREL",24831.5,34,1,"A0201"
"AFRHVAREL",29710.6,43,1,"A0201"
"AIIRILQQL",450.4,2.4,0.5,"A0201"
"ALAEAMSQA",27.4,0.3,0,"A0201"
"ALDISHFL",269.9,1.9,0.5,"A0201"
"ALDLSHFL",452.9,2.4,0.5,"A0201"
"ALHHVAREL",1609.8,4.9,1,"A0201"
"ALIEICSEM",29.5,0.33,1,"A0201"
"ALIEICTEM",23.4,0.25,0.5,"A0201"
"ALIRILQQL",27.8,0.31,1,"A0201"
"ALIRSLQQL",54.6,0.56,0,"A0201"
"ALMEICTEM",10.1,0.09,1,"A0201"
"ALNAWVKVV",297.1,2,1,"A0201"
"ALTAICEEM",329.5,2.1,1,"A0201"
"ALTDICTEM",96.1,0.86,1,"A0201"
"ALVEICTEL",15.5,0.15,1,"A0201"
"ALVEICTEM",49.4,0.51,1,"A0201"
"ALYNTAAAL",193.2,1.5,0,"A0201"
"ALYNTVATL",142.7,1.3,1,"A0201"
"CQYMDDLYV",217,1.6,0.8125,"A0201"
"ELTPLCVTL",1286.2,4.4,0,"A0201"
"GAFDLSFFL",33,0.36,0,"A0201"
"GALDLSHFL",408.7,2.3,0.625,"A0201"
"GARDLSHFL",13515,19,0,"A0201"
"GAVDLSHFL",1159.2,4.1,0,"A0201"
"GLADQLIHL",5.6,0.05,1,"A0201"
"GLADQLIHM",15.1,0.15,0.75,"A0201"
"GMGSPQILV",123.4,1.2,1,"A0201"
"GVGSPQILV",1921,5.4,0,"A0201"
"HIGPGRAFYA",3928.9,8,0,"A0201"
"ILAEAMASA",8.6,0.07,1,"A0201"
"ILAEAMSKA",29.3,0.33,1,"A0201"
"ILAEAMSQA",20,0.2,1,"A0201"
"ILAEAMSQV",4.1,0.03,1,"A0201"
"ILKDPVHGV",62.3,0.62,0.375,"A0201"
"ILKELVHGV",19.1,0.19,0,"A0201"
"ILKEPVHEV",20.4,0.21,1,"A0201"
"ILKEPVHGI",205.9,1.6,1,"A0201"
"ILKEPVHGV",47.7,0.51,1,"A0201"
"ILKEPVHRV",79.9,0.75,1,"A0201"
"ILREPIHGV",57.9,0.59,1,"A0201"
"IQYMDDLYV",68.2,0.67,0.25,"A0201"
"KIIGGIGGFI",777.6,3.3,0.5,"A0201"
"KIKPPLPSV",163.1,1.4,1,"A0201"
"KILQQLLFI",68.1,0.67,1,"A0201"
"KINAWIKVV",946.7,3.7,1,"A0201"
"KITPLCVTL",332.4,2.1,1,"A0201"
"KLTPFCVTL",21.8,0.23,0,"A0201"
"KLTPLCITL",29.5,0.33,1,"A0201"
"KLTPLCVAL",33.7,0.37,1,"A0201"
"KLTPLCVIL",65.4,0.64,1,"A0201"
"KLTPLCVPL",26.5,0.29,0,"A0201"
"KLTPLCVSL",33.1,0.36,1,"A0201"
"KLTPLCVTL",32.7,0.36,1,"A0201"
"KLTPLCVTM",115.6,0.97,0,"A0201"
"KLTPRCVTL",220.9,1.7,0,"A0201"
"KLTQLCVTL",55.1,0.56,0,"A0201"
"KLTSLCVTL",31.2,0.35,1,"A0201"
"KMIGGIGGFI",120.4,1,1,"A0201"
"KMIGGIGGFV",25.8,0.28,0.5,"A0201"
"KMQKEYALL",227.9,1.7,1,"A0201"
"KMTFLCVQM",201.8,1.6,0,"A0201"
"KMTPLCVTL",36,0.4,1,"A0201"
"KQKFYALF",30729.7,45,0.5,"A0201"
"KQKVHALF",34582.6,55,1,"A0201"
"KQQISALF",27695.6,39,1,"A0201"
"KQQKVYALF",8641.7,14,0.5,"A0201"
"KQQNFYALF",5839.6,10,1,"A0201"
"KQQQIHALF",8413.4,14,1,"A0201"
"KQQVYALF",28584.3,40,1,"A0201"
"KQRKVQALF",18554.1,25,1,"A0201"
"KTKPPLPSV",1054.4,3.9,0,"A0201"
"KVIGGIGGFI",1254.5,4.3,1,"A0201"
"LIGPTPVNI",1201.2,4.2,1,"A0201"
"LLNTIAIAV",16.1,0.16,0.25,"A0201"
"LTFGWCYKL",153.1,1.3,1,"A0201"
"LVGPTPANI",3602.8,7.6,0.625,"A0201"
"LVGPTPINI",2412.7,6.1,1,"A0201"
"LVGPTPVNI",2697.1,6.5,1,"A0201"
"LVGPTPVNV",555.4,2.7,1,"A0201"
"MTANPPIPV",170.7,1.4,1,"A0201"
"MTANPPVPV",180.2,1.5,1,"A0201"
"MTGNPAIPV",680.7,3.1,0,"A0201"
"MTGNPPIPV",783.8,3.3,1,"A0201"
"MTGNPPVPV",837,3.4,0.5,"A0201"
"MTGNPSIPV",583.7,2.8,0,"A0201"
"MTHNPPIPV",672.1,3.1,1,"A0201"
"MTNNPPIPV",514.9,2.6,1,"A0201"
"MTSDPPVPV",151.9,1.3,1,"A0201"
"MTSNPAIPV",299,2,0.5,"A0201"
"MTSNPPIPV",379.6,2.3,1,"A0201"
"MTSNPPVPV",399.3,2.3,1,"A0201"
"NIWATHACV",101.5,0.89,1,"A0201"
"NVWATHACV",153.5,1.3,0.75,"A0201"
"PLCFGWCFKL",1839.8,5.3,0,"A0201"
"PLNAWVKVV",13009.1,19,1,"A0201"
"QITPLCVTL",1645.4,5,0,"A0201"
"QLTPLCVTL",116.3,0.97,1,"A0201"
"QMHEDIISI",44,0.47,1,"A0201"
"QMHEDIISL",34.5,0.38,1,"A0201"
"QMHEDVISL",47.3,0.5,1,"A0201"
"QMTFLCVQM",804.6,3.4,0,"A0201"
"RIGPGQTFYA",2102.9,5.7,1,"A0201"
"RILQHLLFA",147.9,1.3,1,"A0201"
"RILQQLLFA",354.3,2.2,1,"A0201"
"RILQQLLFI",108.3,0.93,1,"A0201"
"RILQQLLFT",1966.4,5.5,1,"A0201"
"RILQQLLFV",26.5,0.29,1,"A0201"
"RILQQLLLI",211.7,1.6,1,"A0201"
"RILQQMLFI",180.2,1.5,1,"A0201"
"RILQQPLFI",463.6,2.5,0,"A0201"
"RILQRLLFV",40.6,0.44,1,"A0201"
"RLLQQLLFI",15.8,0.15,1,"A0201"
"RLTPLCVTL",50,0.52,1,"A0201"
"RMLQHLLFI",9.3,0.08,0,"A0201"
"RMLQQLLFI",15.2,0.15,1,"A0201"
"RMLQQLLFT",185.6,1.5,1,"A0201"
"RMLQQLLFV",6.6,0.06,0,"A0201"
"RQQVHALF",30025.7,43,0.5,"A0201"
"RTLQLLLFV",49.4,0.51,1,"A0201"
"RTLQQLLFA",1551.7,4.8,1,"A0201"
"RTLQQLLFI",459.2,2.5,1,"A0201"
"RTLQQLLFT",6279.5,12,0,"A0201"
"RTLQQLLFV",107.9,0.93,1,"A0201"
"RTLQQLMFI",284.7,1.9,1,"A0201"
"RVIEVAQRV",265,1.8,1,"A0201"
"RVIKVVQRV",736.7,3.2,0.5,"A0201"
"RVLQQLLFI",178.2,1.5,1,"A0201"
"RVLQQLLFV",41.7,0.46,1,"A0201"
"SIYNLVATL",254.7,1.8,1,"A0201"
"SLANTVATL",68.8,0.67,0.0833333333333335,"A0201"
"SLFNAIAVL",45.8,0.49,0,"A0201"
"SLFNAVATL",32.4,0.36,0.125,"A0201"
"SLFNLVATL",28.8,0.32,1,"A0201"
"SLFNTIATL",74.8,0.72,0.410714285714286,"A0201"
"SLFNTIAVL",126.5,1.2,0.4375,"A0201"
"SLFNTVAAL",55.7,0.57,0.5,"A0201"
"SLFNTVATL",105.4,0.92,0.427827380952381,"A0201"
"SLFNTVATLYCV",39.8,0.44,1,"A0201"
"SLFNTVATP",3218.1,7.1,0.5,"A0201"
"SLFNTVAVL",171.1,1.4,0.4375,"A0201"
"SLFNTVCVI",122.2,1.2,0.125,"A0201"
"SLHNAVAVL",335.6,2.1,0,"A0201"
"SLHNTVATL",414,2.3,0,"A0201"
"SLLNATAIAV",20.3,0.21,1,"A0201"
"SLLNATDIAV",20.1,0.21,1,"A0201"
"SLVKHHMYI",46,0.49,1,"A0201"
"SLVKHHMYV",12.1,0.12,1,"A0201"
"SLYATVATL",135.2,1.2,0.0833333333333335,"A0201"
"SLYLTVATL",457.9,2.5,1,"A0201"
"SLYNAIATL",34.8,0.38,0,"A0201"
"SLYNAVATL",47.6,0.51,0.291666666666667,"A0201"
"SLYNIIAVL",69.7,0.68,1,"A0201"
"SLYNLVATL",44,0.47,0.75,"A0201"
"SLYNLVAVL",78.3,0.74,0,"A0201"
"SLYNSVATL",74.7,0.72,1,"A0201"
"SLYNTAATL",337.5,2.1,0.75,"A0201"
"SLYNTIATL",115,0.97,0.45,"A0201"
"SLYNTIAVL",202,1.6,0.4375,"A0201"
"SLYNTVAAL",83.8,0.77,0.333333333333333,"A0201"
"SLYNTVATL",165.7,1.4,0.825,"A0201"
"SLYNTVATLYCV",66.6,0.65,1,"A0201"
"SLYNTVAVL",278,1.9,0.464285714285714,"A0201"
"SLYNTVVTL",64.7,0.64,1,"A0201"
"SLYNVVATL",57.9,0.59,0,"A0201"
"SLYQTVATL",291.9,2,1,"A0201"
"SVRRGPGRAFV",12124.1,18,0,"A0201"
"SVVKHHMYI",932.5,3.7,1,"A0201"
"SVYNTVATL",1289.9,4.4,0.5,"A0201"
"TILQQLLFI",212.4,1.6,1,"A0201"
"TLDAWVKVV",227.1,1.7,1,"A0201"
"TLNAWVKAI",861.9,3.5,1,"A0201"
"TLNAWVKAV",116.5,0.97,1,"A0201"
"TLNAWVKVI",2830.2,6.6,0.5,"A0201"
"TLNAWVKVV",575.2,2.8,1,"A0201"
"TLSAWVKVV",389,2.3,1,"A0201"
"TLSKIVTKL",179.5,1.5,0,"A0201"
"TLSQIVTKL",170.1,1.4,1,"A0201"
"VICQYMDDL",10067.4,16,1,"A0201"
"VICQYVDDL",8302.6,14,1,"A0201"
"VIYQYIDDL",1143.2,4.1,1,"A0201"
"VIYQYMDDL",2008.3,5.5,1,"A0201"
"VIYQYVDDL",1395.2,4.5,0.666666666666667,"A0201"
"VLAEAMAAA",12.2,0.12,1,"A0201"
"VLAEAMATA",13,0.12,1,"A0201"
"VLAEAMGQV",13.7,0.13,0,"A0201"
"VLAEAMSAA",22.7,0.24,1,"A0201"
"VLAEAMSHA",31,0.35,0,"A0201"
"VLAEAMSHT",236.6,1.7,0,"A0201"
"VLAEAMSHV",4.9,0.04,1,"A0201"
"VLAEAMSKA",53.9,0.56,0,"A0201"
"VLAEAMSKV",7.6,0.07,1,"A0201"
"VLAEAMSQA",35.2,0.38,1,"A0201"
"VLAEAMSQI",18.7,0.19,1,"A0201"
"VLAEAMSQT",246.4,1.8,1,"A0201"
"VLAEAMSQV",5.6,0.05,1,"A0201"
"VLAEAMSRA",56,0.57,0,"A0201"
"VLAEAMSRV",7.6,0.07,1,"A0201"
"VLEWKFDSRL",574.7,2.8,0.75,"A0201"
"VLEWRFDSRL",669.9,3.1,1,"A0201"
"VLGEAMSQA",123.2,1.2,0,"A0201"
"VLIGPTPVNI",273.2,1.9,1,"A0201"
"VLKWRFDSRL",681,3.1,1,"A0201"
"VLVGPTPANI",653.3,3,1,"A0201"
"VLVGPTPINI",551.3,2.7,1,"A0201"
"VLVGPTPTNV",164.5,1.4,1,"A0201"
"VLVGPTPVNI",648.7,3,1,"A0201"
"VQYMDDLYV",133.1,1.2,0.25,"A0201"
"YQYMDDLYI",29.1,0.32,1,"A0201"
"YQYMDDLYV",9.9,0.09,1,"A0201"
"YQYVDDLYV",14.4,0.14,0.916666666666667,"A0201"
"YSYMDDLYV",84.6,0.78,1,"A0201"
"YTAFTIPSI",56.3,0.57,0.5,"A0201"
"YTAFTIPSV",12.7,0.12,1,"A0201"
