"","Variant.Epitope","Mutant.Immunogenicity"
"1","AAIDLSHFL",0
"2","AALDISHFL",0.5
"3","AALDLSHFL",0
"4","AAVDISHFL",0.5
"5","AAVDLSHFL",1
"6","AAVDMSHFL",0.5
"7","AFHHMAREL",1
"8","AFHHVAREL",1
"9","AFRHVAREL",1
"10","AIIRILQQL",0.5
"11","ALAEAMSQA",0
"12","ALHHVAREL",1
"13","ALIEICSEM",1
"14","ALIEICTEM",0.5
"15","ALIRILQQL",1
"16","ALIRSLQQL",0
"17","ALMEICTEM",1
"18","ALNAWVKVV",1
"19","ALTAICEEM",1
"20","ALTDICTEM",1
"21","ALVEICTEL",1
"22","ALVEICTEM",1
"23","ALYNTAAAL",0
"24","ALYNTVATL",1
"25","CQYMDDLYV",1
"26","ELTPLCVTL",0
"27","GAFDLSFFL",0
"28","GALDLSHFL",0.625
"29","GARDLSHFL",0
"30","GAVDLSHFL",0
"31","GLADQLIHL",1
"32","GLADQLIHM",0.75
"33","GMGSPQILV",1
"34","GVGSPQILV",0
"35","ICQYMDDLYV",0.625
"36","IIQYMDDLYV",0.25
"37","ILAEAMASA",1
"38","ILAEAMSKA",1
"39","ILAEAMSQA",1
"40","ILAEAMSQV",1
"41","ILKDPVHGV",0.375
"42","ILKELVHGV",0
"43","ILKEPVHEV",1
"44","ILKEPVHGI",1
"45","ILKEPVHGV",1
"46","ILKEPVHRV",1
"47","ILREPIHGV",1
"48","IVQYMDDLYV",0.25
"49","IYQYMDDLYI",1
"50","IYQYMDDLYV",1
"51","IYQYVDDLYV",1
"52","IYSYMDDLYV",1
"53","KAALDLSHFL",1
"54","KAAVDLSHFL",1
"55","KIIGGIGGFI",0.5
"56","KIKPPLPSV",1
"57","KILQQLLFI",1
"58","KINAWIKVV",1
"59","KITPLCVTL",1
"60","KKQKFYALF",0.5
"61","KKQKVHALF",1
"62","KKQQVYALF",1
"63","KLTPFCVTL",0
"64","KLTPLCITL",1
"65","KLTPLCVAL",1
"66","KLTPLCVIL",1
"67","KLTPLCVPL",0
"68","KLTPLCVSL",1
"69","KLTPLCVTL",1
"70","KLTPLCVTM",0
"71","KLTPRCVTL",0
"72","KLTQLCVTL",0
"73","KLTSLCVTL",1
"74","KMIGGIGGFI",1
"75","KMIGGIGGFV",0.5
"76","KMQKEYALL",1
"77","KMTFLCVQM",0
"78","KMTPLCVTL",1
"79","KQQKVYALF",0.5
"80","KQQNFYALF",1
"81","KQQQIHALF",1
"82","KQRKVQALF",1
"83","KRQQVHALF",0.5
"84","KSLFNTIATLY",0.25
"85","KSLFNTIAVLY",0.25
"86","KSLFNTVATLY",0.25
"87","KSLFNTVAVLY",0.25
"88","KSLYNTIATLY",0.25
"89","KSLYNTIAVLY",0.25
"90","KSLYNTVATLY",0.5
"91","KSLYNTVAVLY",0.25
"92","KTKPPLPSV",0
"93","KVIGGIGGFI",1
"94","LIGPTPVNI",1
"95","LVGPTPANI",0.625
"96","LVGPTPINI",1
"97","LVGPTPVNI",1
"98","LVGPTPVNV",1
"99","MTANPPIPV",1
"100","MTANPPVPV",1
"101","MTGNPAIPV",0
"102","MTGNPPIPV",1
"103","MTGNPPVPV",0.5
"104","MTGNPSIPV",0
"105","MTHNPPIPV",1
"106","MTNNPPIPV",1
"107","MTSDPPVPV",1
"108","MTSNPAIPV",0.5
"109","MTSNPPIPV",1
"110","MTSNPPVPV",1
"111","NIWATHACV",1
"112","NLLNTIAIAV",0.25
"113","NVWATHACV",0.75
"114","PLCFGWCFKL",0
"115","PLNAWVKVV",1
"116","PLTFGWCYKL",1
"117","QITPLCVTL",0
"118","QLTPLCVTL",1
"119","QMHEDIISI",1
"120","QMHEDIISL",1
"121","QMHEDVISL",1
"122","QMTFLCVQM",0
"123","RILQHLLFA",1
"124","RILQQLLFA",1
"125","RILQQLLFI",1
"126","RILQQLLFT",1
"127","RILQQLLFV",1
"128","RILQQLLLI",1
"129","RILQQMLFI",1
"130","RILQQPLFI",0
"131","RILQRLLFV",1
"132","RKQQISALF",1
"133","RLLQQLLFI",1
"134","RLTPLCVTL",1
"135","RMLQHLLFI",0
"136","RMLQQLLFI",1
"137","RMLQQLLFT",1
"138","RMLQQLLFV",0
"139","RSLFNTIATLY",0.25
"140","RSLFNTIAVLY",0.25
"141","RSLFNTVATLY",0.25
"142","RSLFNTVAVLY",0.25
"143","RSLYNTIATLY",0.25
"144","RSLYNTIAVLY",0.25
"145","RSLYNTVATLY",1
"146","RSLYNTVAVLY",0.25
"147","RTLQLLLFV",1
"148","RTLQQLLFA",1
"149","RTLQQLLFI",1
"150","RTLQQLLFT",0
"151","RTLQQLLFV",1
"152","RTLQQLMFI",1
"153","RVIEVAQRV",1
"154","RVIKVVQRV",0.5
"155","RVLQQLLFI",1
"156","RVLQQLLFV",1
"157","SIYNLVATL",1
"158","SLANTVATL",0.0833333333333335
"159","SLFNAIAVL",0
"160","SLFNAVATL",0.125
"161","SLFNLVATL",1
"162","SLFNTIATL",0.642857142857143
"163","SLFNTIATLY",0.5
"164","SLFNTIAVL",0.75
"165","SLFNTIAVLY",0.5
"166","SLFNTVAAL",0.5
"167","SLFNTVATL",0.711309523809524
"168","SLFNTVATLY",0.5
"169","SLFNTVATLYCVHQR",1
"170","SLFNTVATP",0.5
"171","SLFNTVAVL",0.75
"172","SLFNTVAVLY",0.5
"173","SLFNTVCVI",0.125
"174","SLHNAVAVL",0
"175","SLHNTVATL",0
"176","SLLNATAIAV",1
"177","SLLNATDIAV",1
"178","SLVKHHMYI",1
"179","SLVKHHMYV",1
"180","SLYATVATL",0.0833333333333335
"181","SLYLTVATL",1
"182","SLYNAIATL",0
"183","SLYNAVATL",0.291666666666667
"184","SLYNIIAVL",1
"185","SLYNLVATL",0.75
"186","SLYNLVAVL",0
"187","SLYNSVATL",1
"188","SLYNTAATL",0.75
"189","SLYNTIATL",0.8
"190","SLYNTIATLY",0.5
"191","SLYNTIAVL",0.75
"192","SLYNTIAVLY",0.5
"193","SLYNTVAAL",0.333333333333333
"194","SLYNTVATL",0.8
"195","SLYNTVATLY",1
"196","SLYNTVATLYCVHQR",1
"197","SLYNTVAVL",0.857142857142857
"198","SLYNTVAVLY",0.5
"199","SLYNTVVTL",1
"200","SLYNVVATL",0
"201","SLYQTVATL",1
"202","SVHIGPGRAFYATGD",0
"203","SVRIGPGQTFYATGD",1
"204","SVRRGPGRAFVTIGD",0
"205","SVVKHHMYI",1
"206","SVYNTVATL",0.5
"207","TILQQLLFI",1
"208","TLDAWVKVV",1
"209","TLNAWVKAI",1
"210","TLNAWVKAV",1
"211","TLNAWVKVI",0.5
"212","TLNAWVKVV",1
"213","TLSAWVKVV",1
"214","TLSKIVTKL",0
"215","TLSQIVTKL",1
"216","VICQYMDDL",1
"217","VICQYVDDL",1
"218","VIYQYIDDL",1
"219","VIYQYMDDL",1
"220","VIYQYVDDL",0.666666666666667
"221","VLAEAMAAA",1
"222","VLAEAMATA",1
"223","VLAEAMGQV",0
"224","VLAEAMSAA",1
"225","VLAEAMSHA",0
"226","VLAEAMSHT",0
"227","VLAEAMSHV",1
"228","VLAEAMSKA",0
"229","VLAEAMSKV",1
"230","VLAEAMSQA",1
"231","VLAEAMSQI",1
"232","VLAEAMSQT",1
"233","VLAEAMSQV",1
"234","VLAEAMSRA",0
"235","VLAEAMSRV",1
"236","VLEWKFDSRL",0.75
"237","VLEWRFDSRL",1
"238","VLGEAMSQA",0
"239","VLIGPTPVNI",1
"240","VLIGPTPVNII",1
"241","VLKWRFDSRL",1
"242","VLVGPTPANI",1
"243","VLVGPTPINI",1
"244","VLVGPTPTNV",1
"245","VLVGPTPVNI",1
"246","YQYMDDLYI",1
"247","YQYMDDLYV",1
"248","YQYVDDLYV",0.833333333333333
"249","YTAFTIPSI",0.5
"250","YTAFTIPSV",1
